-- MySQL dump 10.15  Distrib 10.0.38-MariaDB, for Linux (x86_64)
--
-- Host: localhost    Database: dagranit_vn_247e
-- ------------------------------------------------------
-- Server version	10.0.38-MariaDB

/*!40101 SET @OLD_CHARACTER_SET_CLIENT=@@CHARACTER_SET_CLIENT */;
/*!40101 SET @OLD_CHARACTER_SET_RESULTS=@@CHARACTER_SET_RESULTS */;
/*!40101 SET @OLD_COLLATION_CONNECTION=@@COLLATION_CONNECTION */;
/*!40101 SET NAMES utf8 */;
/*!40103 SET @OLD_TIME_ZONE=@@TIME_ZONE */;
/*!40103 SET TIME_ZONE='+00:00' */;
/*!40014 SET @OLD_UNIQUE_CHECKS=@@UNIQUE_CHECKS, UNIQUE_CHECKS=0 */;
/*!40014 SET @OLD_FOREIGN_KEY_CHECKS=@@FOREIGN_KEY_CHECKS, FOREIGN_KEY_CHECKS=0 */;
/*!40101 SET @OLD_SQL_MODE=@@SQL_MODE, SQL_MODE='NO_AUTO_VALUE_ON_ZERO' */;
/*!40111 SET @OLD_SQL_NOTES=@@SQL_NOTES, SQL_NOTES=0 */;

--
-- Table structure for table `album`
--

DROP TABLE IF EXISTS `album`;
/*!40101 SET @saved_cs_client     = @@character_set_client */;
/*!40101 SET character_set_client = utf8 */;
CREATE TABLE `album` (
  `name` varchar(255) NOT NULL,
  `id` int(11) NOT NULL AUTO_INCREMENT,
  `slug` varchar(255) NOT NULL,
  `created_at` datetime NOT NULL,
  `updated_at` datetime NOT NULL,
  PRIMARY KEY (`id`)
) ENGINE=InnoDB AUTO_INCREMENT=6 DEFAULT CHARSET=utf8;
/*!40101 SET character_set_client = @saved_cs_client */;

--
-- Dumping data for table `album`
--

LOCK TABLES `album` WRITE;
/*!40000 ALTER TABLE `album` DISABLE KEYS */;
INSERT INTO `album` VALUES ('Slide lớn trang chủ',1,'slide-lon-trang-chu','2016-09-20 08:31:52','2016-09-20 08:31:52'),('Album ảnh kế khung \'Giới thiệu\'',2,'album-anh-ke-khung-gioi-thieu','2016-09-20 08:32:12','2016-09-20 08:32:12'),('Album slide cột bên trái',3,'album-slide-cot-ben-trai','2016-09-20 08:32:28','2016-09-20 08:32:28'),('Album slide giới thiệu',4,'album-slide-gioi-thieu','2016-09-28 13:22:19','2016-09-28 13:22:19'),('Logo khách hàng - đối tác',5,'logo-khach-hang-doi-tac','2016-09-28 13:28:22','2016-09-28 13:28:22');
/*!40000 ALTER TABLE `album` ENABLE KEYS */;
UNLOCK TABLES;

--
-- Table structure for table `articles`
--

DROP TABLE IF EXISTS `articles`;
/*!40101 SET @saved_cs_client     = @@character_set_client */;
/*!40101 SET character_set_client = utf8 */;
CREATE TABLE `articles` (
  `id` int(11) NOT NULL AUTO_INCREMENT,
  `title` varchar(255) NOT NULL,
  `slug` varchar(255) NOT NULL,
  `alias` varchar(255) NOT NULL,
  `description` varchar(500) DEFAULT NULL,
  `image_url` varchar(255) DEFAULT NULL,
  `cate_id` tinyint(4) NOT NULL,
  `content` text,
  `created_at` datetime NOT NULL,
  `updated_at` datetime NOT NULL,
  `created_user` tinyint(4) NOT NULL,
  `updated_user` tinyint(4) NOT NULL,
  `status` tinyint(1) NOT NULL,
  `is_hot` tinyint(1) NOT NULL,
  `display_order` tinyint(4) NOT NULL,
  `meta_title` varchar(255) DEFAULT NULL,
  `meta_description` varchar(255) DEFAULT NULL,
  `meta_keywords` varchar(255) DEFAULT NULL,
  `custom_text` text,
  PRIMARY KEY (`id`)
) ENGINE=InnoDB AUTO_INCREMENT=27 DEFAULT CHARSET=utf8;
/*!40101 SET character_set_client = @saved_cs_client */;

--
-- Dumping data for table `articles`
--

LOCK TABLES `articles` WRITE;
/*!40000 ALTER TABLE `articles` DISABLE KEYS */;
INSERT INTO `articles` VALUES (4,'Làm sao để lựa chọn đá kim sa lát cầu thang đúng chuẩn?','Làm-sao-để-lựa-chọn-đá-kim-sa-lát-cầu-thang-đúng-chuẩn?','Lam sao de lua chon da kim sa lat cau thang dung chuan','Đá kim sa luôn mang trong mình nét đẹp tinh tế, sang trọng và tự nhiên. Chính vì vậy, việc lựa chọn đá kim sa lát cầu thang luôn được các kiến trúc sư ưu tiên hàng đầu khi thiết kế các công trình xây dựng. Bài viết sau sẽ giúp bạn đánh giá được chất lượng của loại đá này để tạo nên những mẫu cầu thang cao cấp với nét thẩm mỹ vượt trội.','2016/09/22/den-kim-sa-trung-1474541561.jpg',1,'<p><strong>Lựa chọn đ&aacute; kim sa l&aacute;t cầu thang như thế n&agrave;o?</strong></p>\r\n\r\n<p>Đ&aacute; kim sa thực chất l&agrave; một loại đ&aacute; hoa cương cao cấp, c&oacute; m&agrave;u &aacute;nh kim lấp l&aacute;nh v&agrave; sở hữu mọi ưu điểm của loại đ&aacute; n&agrave;y như: độ cứng, độ bền, khả năng chịu nhiệt, khả năng chống thấm, hoa văn v&agrave; v&acirc;n đ&aacute; đa dạng, đẹp mắt,&hellip; Loại đ&aacute; tự nhi&ecirc;n n&agrave;y c&oacute; mặt trong rất nhiều c&ocirc;ng tr&igrave;nh x&acirc;y dựng kh&aacute;c nhau từ b&agrave;n ăn, b&agrave;n bếp, nền nh&agrave; đến cầu thang hay ốp tường. Ở bất cứ một hạng mục n&agrave;o đ&aacute; kim sa cũng ph&aacute;t huy được vẻ đẹp độc đ&aacute;o v&agrave; ri&ecirc;ng biệt của n&oacute;.<br />\r\nKhi sử dụng đ&aacute; kim sa l&aacute;t cầu thang, tốt nhất bạn n&ecirc;n chọn những khối đ&aacute; tự nhi&ecirc;n cao cấp, c&oacute; chất lượng tốt. Để kiểm tra, bạn c&oacute; thể sử dụng những c&aacute;ch đơn giản sau:</p>\r\n\r\n<ul>\r\n	<li>Sử dụng ch&igrave;a kh&oacute;a ch&agrave; nhẹ l&ecirc;n bề mặt đ&aacute;, nếu kh&ocirc;ng c&oacute; bất cứ vết xước n&agrave;o chứng tỏ đ&oacute; l&agrave; đ&aacute; cao cấp v&agrave; ngược lại.</li>\r\n	<li>Quan s&aacute;t thật kỹ độ d&agrave;y của tấm đ&aacute;, v&igrave; th&ocirc;ng thường, đ&aacute; kim sa chất lượng cao đều c&oacute; độ d&agrave;y ổn định v&agrave; đều nhau trong 1 hay nhiều tấm c&ugrave;ng loại.</li>\r\n	<li>Đ&aacute; kim sa thường c&oacute; độ b&oacute;ng cao, nếu được soi dưới &aacute;nh s&aacute;ng, c&aacute;c tinh thể trong đ&aacute; sẽ ph&aacute;t ra &aacute;nh s&aacute;ng lấp l&aacute;nh đẹp mắt v&agrave; rất đặc trưng.</li>\r\n	<li>M&agrave;u sắc của đ&aacute; phải đồng nhất từ ngo&agrave;i bề mặt đến b&ecirc;n trong phần th&acirc;n đ&aacute;, nếu kh&ocirc;ng đảm bảo được yếu tố tr&ecirc;n th&igrave; chứng tỏ đ&oacute; l&agrave; đ&aacute; nhuộm, l&agrave;m giả đ&aacute; kim sa.</li>\r\n</ul>\r\n\r\n<p><strong>N&ecirc;n thiết kế cầu thang l&aacute;t đ&aacute; kim sa ra sao cho hợp l&yacute;?</strong></p>\r\n\r\n<p>Khi chọn lựa được chất liệu tốt để sử dụng cho việc l&aacute;t bậc cầu thang. Điều thứ hai bạn cần quan t&acirc;m đến đ&oacute; ch&iacute;nh l&agrave; n&ecirc;n sử dụng mẫu cầu thang n&agrave;o cho ph&ugrave; hợp. Điều n&agrave;y phụ thuộc v&agrave;o rất nhiều yếu tố từ &yacute; đồ thiết kế chủ đạo của ng&ocirc;i nh&agrave;, sở th&iacute;ch của gia chủ, diện t&iacute;ch nh&agrave;,&hellip;<br />\r\nTheo như những kiến tr&uacute;c sư gi&agrave;u kinh nghiệm, việc ứng dụng đ&aacute; kim sa cho hạng mục thi c&ocirc;ng n&agrave;y thực chất kh&aacute; đơn giản bởi m&agrave;u sắc của loại đ&aacute; n&agrave;y c&oacute; thể kết hợp với nhiều loại nguy&ecirc;n vật liệu x&acirc;y dựng kh&aacute;c nhau như gỗ, k&iacute;nh hay hợp kim, inox. H&atilde;y c&ugrave;ng ch&uacute;ng t&ocirc;i tham khảo một số mẫu cầu thang đ&aacute; kim sa sau đ&acirc;y:</p>\r\n\r\n<p><a href=\"http://ntdep.com/wp-content/uploads/2016/09/c%E1%BA%A7u-thang-%C4%91%C3%A1-kim-sa-voi-go.jpg\"><img alt=\"cau-thang-da-kim-sa-voi-go\" src=\"http://ntdep.com/wp-content/uploads/2016/09/c%E1%BA%A7u-thang-%C4%91%C3%A1-kim-sa-voi-go.jpg\" style=\"height:713px; width:535px\" /></a></p>\r\n\r\n<p>Cầu thang đ&aacute; mặt đen cổ trắng</p>\r\n\r\n<p><a href=\"http://ntdep.com/wp-content/uploads/2016/09/cau-thang-mat-den-co-trang.jpg\"><img alt=\"cau-thang-mat-den-co-trang\" src=\"http://ntdep.com/wp-content/uploads/2016/09/cau-thang-mat-den-co-trang.jpg\" style=\"height:567px; width:500px\" /></a></p>\r\n\r\n<p>Cầu thang đ&aacute; kim sa với diện t&iacute;ch nh&agrave; nhỏ</p>\r\n\r\n<p><a href=\"http://ntdep.com/wp-content/uploads/2016/09/c%E1%BA%A7u-thang-%C4%91%C3%A1-m%E1%BA%B7t-kinh-tay-vinh-go.jpg\"><img alt=\"cau-thang-da-mat-kinh-tay-vinh-go\" src=\"http://ntdep.com/wp-content/uploads/2016/09/c%E1%BA%A7u-thang-%C4%91%C3%A1-m%E1%BA%B7t-kinh-tay-vinh-go.jpg\" style=\"height:667px; width:500px\" /></a></p>\r\n\r\n<p>Cầu thang đ&aacute; kim sa kết hợp k&iacute;nh v&agrave; gỗ hiện đại</p>\r\n\r\n<p>Đ&aacute; kim sa l&aacute;t cầu thang chắc chắn sẽ l&agrave; sự lựa chọn ho&agrave;n hảo nhất cho c&ocirc;ng tr&igrave;nh thi c&ocirc;ng của bạn. Với loại đ&aacute; n&agrave;y, ng&ocirc;i nh&agrave; của bạn sẽ tạo được những điểm nhấn th&uacute; vị, ri&ecirc;ng biệt v&agrave; v&ocirc; c&ugrave;ng đẳng cấp!</p>\r\n','2016-07-24 06:51:24','2016-09-22 10:54:37',0,0,1,1,0,'','','',''),(5,'Cách chọn lựa mua đá hoa cương lát nền hiện đại','cach-chon-lua-mua-da-hoa-cuong-lat-nen-hien-dai','Cach chon lua mua da hoa cuong lat nen hien dai','Trong thiết kế nhà, việc sử dụng loại đá lát nền phù hợp sẽ giúp bạn tạo được những điểm nhấn tinh tế, sang trọng và đẳng cấp. Tuy nhiên, không phải ai cùng biết cách chọn lựa mua đá hoa cương lát nền phù hợp. Bài viết dưới đây sẽ cung cấp cho bạn những kiến thức cần thiết khi chọn mua loại đá này.','2016/09/22/trang-kem-1474543636.jpg',1,'<h3><strong>Tại sao n&ecirc;n sử dụng đ&aacute; hoa cương để l&aacute;t nền?</strong></h3>\r\n\r\n<p><a href=\"http://ntdep.com/wp-content/uploads/2016/09/%C4%91%C3%A1-hoa-c%C6%B0%C6%A1ng-l%C3%A1t-n%E1%BB%81n-%E1%BA%A3nh-b%C3%ACa.jpg\"><img alt=\"đá hoa cương lát nền ảnh bìa\" src=\"http://ntdep.com/wp-content/uploads/2016/09/%C4%91%C3%A1-hoa-c%C6%B0%C6%A1ng-l%C3%A1t-n%E1%BB%81n-%E1%BA%A3nh-b%C3%ACa.jpg\" style=\"height:667px; width:966px\" /></a></p>\r\n\r\n<p>Bạn c&oacute; biết! Đ&aacute; hoa cương l&agrave; một loại đ&aacute; tự nhi&ecirc;n, với độ bền v&agrave; vẻ đẹp tuyệt vời của m&igrave;nh, n&oacute; được coi l&agrave; một trong số những nguy&ecirc;n liệu x&acirc;y dựng, trang tr&iacute; độc đ&aacute;o, tương th&iacute;ch với mọi thiết kế nội thất của ng&ocirc;i nh&agrave;. Theo nhận định của nhiều kiến tr&uacute;c sư gi&agrave;u kinh nghiệm, loại đ&aacute; tự nhi&ecirc;n n&agrave;y c&oacute; những ưu điểm vượt trội sau:<br />\r\nĐộ cứng cao, chỉ xếp sau loại đ&aacute; cứng nhất hiện nay l&agrave; kim cương. Sau khi trải qua quy tr&igrave;nh đ&aacute;nh b&oacute;ng, độ b&oacute;ng của đ&aacute; c&oacute; thể giữ được rất l&acirc;u, khiến nền nh&agrave; lu&ocirc;n nổi bật, tạo được điểm nhấn ấn tượng.<br />\r\nĐộ bền lớn, kh&ocirc;ng dễ bị trầy xước, ố m&agrave;u hay rạn nứt bởi đ&aacute; c&oacute; cấu tr&uacute;c tinh thể đặc, c&oacute; thể chịu được lực t&aacute;c động lớn m&agrave; kh&ocirc;ng ảnh hưởng đến chất lượng cũng như n&eacute;t thẩm mỹ của đ&aacute;.<br />\r\nV&acirc;n đ&aacute; cũng như m&agrave;u sắc độc đ&aacute;o, kh&ocirc;ng giống với bất cứ một loại đ&aacute; ốp l&aacute;t n&agrave;o. Điều n&agrave;y sẽ gi&uacute;p đ&aacute; h&agrave;i h&ograve;a được với mọi kh&ocirc;ng gian trong nh&agrave; như ph&ograve;ng kh&aacute;ch, ph&ograve;ng ngủ, ph&ograve;ng bếp,&hellip;</p>\r\n\r\n<h3><strong>C&aacute;ch chọn lựa mua đ&aacute; hoa cương l&aacute;t nền với từng kh&ocirc;ng gian</strong></h3>\r\n\r\n<p>Đ&aacute; hoa cương l&aacute;t nền Ph&ograve;ng kh&aacute;ch: với thiết kế theo xu hướng hiện đại, bạn n&ecirc;n chọn những m&agrave;u đ&aacute; hoa cương đơn giản, kh&ocirc;ng qu&aacute; cầu kỳ. Nền đ&aacute; hoa cương s&aacute;ng m&agrave;u sẽ rất th&iacute;ch hợp với kh&ocirc;ng gian hiện đại, gi&uacute;p căn ph&ograve;ng n&agrave;y trở n&ecirc;n rộng, tho&aacute;ng v&agrave; s&aacute;ng hơn. Nếu bạn muốn, cũng c&oacute; thể sử dụng những hoa văn đơn giản tr&ecirc;n nền đ&aacute; với k&iacute;ch thước lớn, m&agrave;u tương phản với nền đ&aacute; để tạo được điểm nhấn cho gian ph&ograve;ng.</p>\r\n\r\n<p><a href=\"http://ntdep.com/wp-content/uploads/2016/09/%C4%91%C3%A1-hoa-c%C6%B0%C6%A1ng-l%C3%A1t-n%E1%BB%81n-ph%C3%B2ng-kh%C3%A1ch.jpg\"><img alt=\"đá hoa cương lát nền phòng khách\" src=\"http://ntdep.com/wp-content/uploads/2016/09/%C4%91%C3%A1-hoa-c%C6%B0%C6%A1ng-l%C3%A1t-n%E1%BB%81n-ph%C3%B2ng-kh%C3%A1ch.jpg\" style=\"height:660px; width:662px\" /></a></p>\r\n\r\n<p>&nbsp;</p>\r\n\r\n<p>Đ&aacute; hoa cương l&aacute;t nền Nh&agrave; bếp: để tạo được sự ấm c&uacute;ng v&agrave; gần gũi cho căn ph&ograve;ng n&agrave;y, bạn cần c&oacute; th&ecirc;m một ch&uacute;t tinh tế trong c&aacute;ch chọn lựa mua đ&aacute; hoa cương. Bạn n&ecirc;n sử dụng m&agrave;u đ&aacute; s&aacute;ng, c&oacute; điểm xuyến th&ecirc;m hoa văn nhỏ hoặc trơn l&aacute;ng. Một số m&agrave;u sắc n&ecirc;n chọn c&oacute; thể kể đến l&agrave; trắng, be, n&acirc;u s&aacute;ng,&hellip;</p>\r\n\r\n<p><a href=\"http://ntdep.com/wp-content/uploads/2016/09/%C4%91%C3%A1-hoa-c%C6%B0%C6%A1ng-l%C3%A1t-n%E1%BB%81n-nh%C3%A0-b%E1%BA%BFp.jpg\"><img alt=\"đá hoa cương lát nền nhà bếp\" src=\"http://ntdep.com/wp-content/uploads/2016/09/%C4%91%C3%A1-hoa-c%C6%B0%C6%A1ng-l%C3%A1t-n%E1%BB%81n-nh%C3%A0-b%E1%BA%BFp.jpg\" style=\"height:302px; width:484px\" /></a></p>\r\n\r\n<p>Đ&aacute; hoa cương l&aacute;t nền ph&ograve;ng ngủ: đ&acirc;y l&agrave; một kh&ocirc;ng gian kh&aacute; đặc biệt, l&agrave; nơi bạn nghỉ ngơi sau một ng&agrave;y l&agrave;m việc mệt mỏi. Kh&ocirc;ng gian n&agrave;y tuy c&oacute; diện t&iacute;ch kh&aacute; hạn hẹp nhưng lại chứa nhiều đồ vật, từ giường ngủ, b&agrave;n trang điểm, kệ ti vi đến tủ đồ v&agrave; những nội thất trang tr&iacute; kh&aacute;c.</p>\r\n\r\n<p><a href=\"http://ntdep.com/wp-content/uploads/2016/09/%C4%91%C3%A1-hoa-c%C6%B0%C6%A1ng-l%C3%A1t-n%E1%BB%81n-ph%C3%B2ng-ng%E1%BB%A7.jpg\"><img alt=\"đá hoa cương lát nền phòng ngủ\" src=\"http://ntdep.com/wp-content/uploads/2016/09/%C4%91%C3%A1-hoa-c%C6%B0%C6%A1ng-l%C3%A1t-n%E1%BB%81n-ph%C3%B2ng-ng%E1%BB%A7.jpg\" style=\"height:321px; width:544px\" /></a></p>\r\n\r\n<p>Để tr&aacute;nh cho căn ph&ograve;ng kh&ocirc;ng bị rối mắt, tạo sự thư gi&atilde;n cũng như thể hiện được kh&ocirc;ng gian thiết kế hiện đại, c&aacute;ch chọn lựa mua đ&aacute; hoa cương tốt nhất đ&oacute; ch&iacute;nh l&agrave; d&ugrave;ng những gam m&agrave;u s&aacute;ng. Điều n&agrave;y vừa tạo được sự rộng, tho&aacute;ng cho căn ph&ograve;ng, vừa khiến bạn cảm thấy dễ chịu hơn nhiều với khi sử dụng m&agrave;u tối.<br />\r\nHy vọng với những kiến thức tr&ecirc;n, bạn sẽ c&oacute; thể tự tạo n&ecirc;n những kh&ocirc;ng gian sống v&ocirc; c&ugrave;ng tinh tế, mang đậm n&eacute;t trẻ trung, hiện đại!</p>\r\n','2016-09-22 11:14:48','2016-09-22 11:27:24',0,0,1,0,0,'','','',''),(7,'Mẫu Bàn Bếp Lát Đá Kim Sa Trung Đẹp Nhất','mau-ban-bep-lat-da-kim-sa-trung-dep-nhat','Mau Ban Bep Lat Da Kim Sa Trung Dep Nhat','Hiện nay, những loại đá tự nhiên được sử dụng ngày một nhiều trong hơn trong các thiết kế nội thất nhà. Một trong số đó phải kể đến những mẫu bàn bếp lát đá kim sa ấn tượng, không chỉ đẹp về màu sắc, vân đá mà còn bền mãi với thời gian.','2016/09/22/den-kim-sa-trung-1474543455.jpg',1,'<h3><strong>Đ&aacute; kim sa trung &ndash; Vẻ đẹp mới cho từng ng&ocirc;i nh&agrave;</strong></h3>\r\n\r\n<p>Đ&aacute; kim sa thực chất l&agrave; một loại đ&aacute; hoa cương tự nhi&ecirc;n c&oacute; độ cứng, độ bền, khả năng chịu nhiệt v&agrave; chống thấm rất tốt. Do vậy, loại đ&aacute; n&agrave;y được ứng dụng trong nhiều thiết kế, thi c&ocirc;ng nội ngoại thất kh&aacute;c nhau, tạo những điểm nhấn ri&ecirc;ng biệt cho ng&ocirc;i nh&agrave; của bạn.</p>\r\n\r\n<p><strong>Đ&aacute; kim sa trung</strong></p>\r\n\r\n<p>Khi sử dụng những mẫu b&agrave;n bếp l&aacute;t đ&aacute; kim sa, điểm đầu ti&ecirc;n cuốn h&uacute;t bạn đ&oacute; ch&iacute;nh l&agrave; d&ugrave; ở m&agrave;u sắc n&agrave;o đ&aacute; cũng c&oacute; những &aacute;nh kim lấp l&aacute;nh, sang trọng. Đ&acirc;y l&agrave; điểm độc đ&aacute;o ri&ecirc;ng c&oacute; của mẫu đ&aacute; tự nhi&ecirc;n n&agrave;y. Ngo&agrave;i ra, độ bền vượt trội của đ&aacute; kim sa cũng l&agrave; một điểm đ&aacute;ng lưu t&acirc;m đến, nếu bạn c&oacute; biện ph&aacute;p chăm s&oacute;c v&agrave; vệ sinh cho đ&aacute; tốt, b&agrave;n bếp của bạn cũng như mọi c&ocirc;ng tr&igrave;nh c&oacute; sử dụng đ&aacute; kim sa đều s&aacute;ng b&oacute;ng như mới trong thời gian d&agrave;i. Điều n&agrave;y khiến bạn tiết kiệm được rất nhiều thời gian, chi ph&iacute; trong sửa chữa v&agrave; thay mới.</p>\r\n\r\n<h3><strong>Mẫu b&agrave;n bếp l&aacute;t đ&aacute; kim sa đẹp nhất hiện nay</strong></h3>\r\n\r\n<p>T&ugrave;y thuộc v&agrave;o thiết kế tổng thể chung của ng&ocirc;i nh&agrave;, bạn c&oacute; thể sử dụng một trong 3 mẫu b&agrave;n bếp ấn tượng sau:</p>\r\n\r\n<p><a href=\"http://ntdep.com/wp-content/uploads/2016/09/b%C3%A0n-%C4%91%C3%A1-kim-sa-tr%C3%B2n.jpg\"><img alt=\"bàn bếp đá kim sa hình tròn\" src=\"http://ntdep.com/wp-content/uploads/2016/09/b%C3%A0n-%C4%91%C3%A1-kim-sa-tr%C3%B2n.jpg\" style=\"height:450px; width:600px\" /></a></p>\r\n\r\n<p><strong>B&agrave;n bếp đ&aacute; kim sa tr&ograve;n</strong></p>\r\n\r\n<p>Mẫu b&agrave;n n&agrave;y mang hơi hướng cổ điển của ch&acirc;u &Acirc;u, th&iacute;ch hợp cho những ng&ocirc;i nh&agrave; c&oacute; diện t&iacute;ch bếp kh&ocirc;ng qu&aacute; lớn. Với mẫu thiết kế n&agrave;y, căn bếp của bạn sẽ trở n&ecirc;n ấm c&uacute;ng hơn bao giờ hết với những ph&uacute;t gi&acirc;y qu&acirc;y quần b&ecirc;n căn bếp nhỏ xinh.</p>\r\n\r\n<p><a href=\"http://ntdep.com/wp-content/uploads/2016/09/Ban-bep-da-kim-sa-thang.jpg\"><img alt=\"Ban-bep-da kim-sa-thang\" src=\"http://ntdep.com/wp-content/uploads/2016/09/Ban-bep-da-kim-sa-thang.jpg\" style=\"height:506px; width:843px\" /></a></p>\r\n\r\n<p><strong>B&agrave;n bếp đ&aacute; kim sa thẳng</strong></p>\r\n\r\n<p>Đ&acirc;y l&agrave; mẫu b&agrave;n bếp được người phương T&acirc;y ưa chuộng nhất bởi thiết kế của n&oacute; rất gần gũi với người sử dụng c&ugrave;ng những t&iacute;nh năng v&ocirc; c&ugrave;ng tiện dụng. Tr&ecirc;n một chiếc b&agrave;n bếp thẳng bạn c&oacute; thể dễ d&agrave;ng nấu nướng v&agrave; di chuyển.</p>\r\n\r\n<p><a href=\"http://ntdep.com/wp-content/uploads/2016/09/ban-da-kim-sa-dang-gap-khuc.jpg\"><img alt=\"ban-da-kim-sa-dang-gap-khuc\" src=\"http://ntdep.com/wp-content/uploads/2016/09/ban-da-kim-sa-dang-gap-khuc.jpg\" style=\"height:376px; width:564px\" /></a></p>\r\n\r\n<p><strong>B&agrave;n bếp đ&aacute; kim sa dạng gấp kh&uacute;c</strong></p>\r\n\r\n<p>Đ&acirc;y l&agrave; thiết kế mới xuất hiện tại Việt Nam trong một v&agrave;i năm trở lại đ&acirc;y. Điểm cộng của thiết kế n&agrave;y l&agrave; t&iacute;nh ứng dụng của n&oacute;, c&oacute; thể kết nối được từ b&agrave;n bếp đến b&agrave;n ăn, tận dụng tối đa diện t&iacute;ch của kh&ocirc;ng gian ph&ograve;ng bếp n&agrave;y m&agrave; vẫn c&oacute; t&iacute;nh thẩm mỹ cao.</p>\r\n\r\n<p>Những mẫu b&agrave;n bếp l&aacute;t đ&aacute; kim sa d&ugrave; với c&aacute;c thiết kế kh&aacute;c nhau nhưng đều mang đến cho kh&ocirc;ng gian của bạn một luồng gi&oacute; mới, tinh tế, sang trọng với những hạt kim sa lấp l&aacute;nh, n&acirc;ng cao tầm gi&aacute; trị v&agrave; n&eacute;t thẩm mỹ của to&agrave;n ng&ocirc;i nh&agrave;.</p>\r\n','2016-09-22 11:25:07','2016-09-22 11:25:07',0,0,1,0,0,'','','',''),(8,'ĐÁ GRANITE','bang-gia-da-granite','DA GRANITE','','',3,'<p>Nội dung bảng gi&aacute;&nbsp;da-granite</p>\r\n','2016-09-28 13:04:28','2016-09-28 13:04:28',0,0,1,0,0,'','','',''),(9,'ĐÁ MARBLE','bang-gia-da-marble','DA MARBLE','','',3,'<table border=\"0\" cellpadding=\"0\" cellspacing=\"0\" style=\"height:1879px; width:704px\">\r\n	<tbody>\r\n		<tr>\r\n			<td style=\"height:31.15pt; width:31.7pt\">\r\n			<p><strong>STT</strong></p>\r\n			</td>\r\n			<td style=\"border-color:windowtext windowtext windowtext -moz-use-text-color; height:31.15pt; width:131.2pt\">\r\n			<p><strong>&nbsp;CHỦNG LOẠI Đ&Aacute;</strong></p>\r\n			</td>\r\n			<td style=\"border-color:windowtext windowtext windowtext -moz-use-text-color; height:31.15pt; width:68.2pt\">\r\n			<p><strong>ĐƠN GI&Aacute; (VNĐ/m2)</strong></p>\r\n			</td>\r\n			<td style=\"border-color:windowtext windowtext windowtext -moz-use-text-color; height:31.15pt; width:143.3pt\">\r\n			<p><strong>CHỦNG LOẠI Đ&Aacute;</strong></p>\r\n			</td>\r\n			<td style=\"border-color:windowtext windowtext windowtext -moz-use-text-color; height:31.15pt; width:63pt\">\r\n			<p><strong>ĐƠN GI&Aacute; (VNĐ/m2)</strong></p>\r\n			</td>\r\n			<td style=\"border-color:windowtext windowtext windowtext -moz-use-text-color; height:31.15pt; width:76.5pt\">\r\n			<p><strong>GHI CH&Uacute;</strong></p>\r\n			</td>\r\n		</tr>\r\n		<tr>\r\n			<td style=\"border-color:-moz-use-text-color windowtext windowtext; height:29.25pt; width:31.7pt\">\r\n			<p>1</p>\r\n			</td>\r\n			<td style=\"border-color:-moz-use-text-color windowtext windowtext -moz-use-text-color; height:29.25pt; width:131.2pt\">\r\n			<p>Hồng Trắng Kim Sa</p>\r\n			</td>\r\n			<td style=\"border-color:-moz-use-text-color windowtext windowtext -moz-use-text-color; height:29.25pt; width:68.2pt\">\r\n			<p>1.300.000</p>\r\n			</td>\r\n			<td style=\"border-color:-moz-use-text-color windowtext windowtext -moz-use-text-color; height:29.25pt; width:143.3pt\">\r\n			<p>T&iacute;m Kh&aacute;nh Ho&agrave;</p>\r\n			</td>\r\n			<td style=\"border-color:-moz-use-text-color windowtext windowtext -moz-use-text-color; height:29.25pt; width:63pt\">\r\n			<p>500.000</p>\r\n			</td>\r\n			<td style=\"border-color:-moz-use-text-color windowtext windowtext -moz-use-text-color; height:29.25pt; width:76.5pt\">\r\n			<p>Đ&aacute; tự nhi&ecirc;n</p>\r\n			</td>\r\n		</tr>\r\n		<tr>\r\n			<td style=\"border-color:-moz-use-text-color windowtext windowtext; height:29.25pt; width:31.7pt\">\r\n			<p>2</p>\r\n			</td>\r\n			<td style=\"border-color:-moz-use-text-color windowtext windowtext -moz-use-text-color; height:29.25pt; width:131.2pt\">\r\n			<p>Hồng B&igrave;nh Định</p>\r\n			</td>\r\n			<td style=\"border-color:-moz-use-text-color windowtext windowtext -moz-use-text-color; height:29.25pt; width:68.2pt\">\r\n			<p>580.000</p>\r\n			</td>\r\n			<td style=\"border-color:-moz-use-text-color windowtext windowtext -moz-use-text-color; height:29.25pt; width:143.3pt\">\r\n			<p>T&iacute;m M&ocirc;ng Cổ&nbsp;</p>\r\n			</td>\r\n			<td style=\"border-color:-moz-use-text-color windowtext windowtext -moz-use-text-color; height:29.25pt; width:63pt\">\r\n			<p>490.000</p>\r\n			</td>\r\n			<td style=\"border-color:-moz-use-text-color windowtext windowtext -moz-use-text-color; height:29.25pt; width:76.5pt\">\r\n			<p>Đ&aacute; tự nhi&ecirc;n</p>\r\n			</td>\r\n		</tr>\r\n		<tr>\r\n			<td style=\"border-color:-moz-use-text-color windowtext windowtext; height:31.15pt; width:31.7pt\">\r\n			<p>3</p>\r\n			</td>\r\n			<td style=\"border-color:-moz-use-text-color windowtext windowtext -moz-use-text-color; height:31.15pt; width:131.2pt\">\r\n			<p>Hồng Gia Lai</p>\r\n			</td>\r\n			<td style=\"border-color:-moz-use-text-color windowtext windowtext -moz-use-text-color; height:31.15pt; width:68.2pt\">\r\n			<p>600.000</p>\r\n			</td>\r\n			<td style=\"border-color:-moz-use-text-color windowtext windowtext -moz-use-text-color; height:31.15pt; width:143.3pt\">\r\n			<p>T&iacute;m Sa Mạc</p>\r\n			</td>\r\n			<td style=\"border-color:-moz-use-text-color windowtext windowtext -moz-use-text-color; height:31.15pt; width:63pt\">\r\n			<p>1.350.000</p>\r\n			</td>\r\n			<td style=\"border-color:-moz-use-text-color windowtext windowtext -moz-use-text-color; height:31.15pt; width:76.5pt\">\r\n			<p>Đ&aacute; tự nhi&ecirc;n</p>\r\n			</td>\r\n		</tr>\r\n		<tr>\r\n			<td style=\"border-color:-moz-use-text-color windowtext windowtext; height:29.25pt; width:31.7pt\">\r\n			<p>4</p>\r\n			</td>\r\n			<td style=\"border-color:-moz-use-text-color windowtext windowtext -moz-use-text-color; height:29.25pt; width:131.2pt\">\r\n			<p>Đỏ Sa Mạc</p>\r\n			</td>\r\n			<td style=\"border-color:-moz-use-text-color windowtext windowtext -moz-use-text-color; height:29.25pt; width:68.2pt\">\r\n			<p>1.200.000</p>\r\n			</td>\r\n			<td style=\"border-color:-moz-use-text-color windowtext windowtext -moz-use-text-color; height:29.25pt; width:143.3pt\">\r\n			<p>Trắng Suối Lau (b&ocirc;ng xanh)</p>\r\n			</td>\r\n			<td style=\"border-color:-moz-use-text-color windowtext windowtext -moz-use-text-color; height:29.25pt; width:63pt\">\r\n			<p>470.000</p>\r\n			</td>\r\n			<td style=\"border-color:-moz-use-text-color windowtext windowtext -moz-use-text-color; height:29.25pt; width:76.5pt\">\r\n			<p>Đ&aacute; tự nhi&ecirc;n</p>\r\n			</td>\r\n		</tr>\r\n		<tr>\r\n			<td style=\"border-color:-moz-use-text-color windowtext windowtext; height:29.25pt; width:31.7pt\">\r\n			<p>5</p>\r\n			</td>\r\n			<td style=\"border-color:-moz-use-text-color windowtext windowtext -moz-use-text-color; height:29.25pt; width:131.2pt\">\r\n			<p>Hồng Phan Rang</p>\r\n			</td>\r\n			<td style=\"border-color:-moz-use-text-color windowtext windowtext -moz-use-text-color; height:29.25pt; width:68.2pt\">\r\n			<p>500.000</p>\r\n			</td>\r\n			<td style=\"border-color:-moz-use-text-color windowtext windowtext -moz-use-text-color; height:29.25pt; width:143.3pt\">\r\n			<p>Trắng V&acirc;n Nam</p>\r\n			</td>\r\n			<td style=\"border-color:-moz-use-text-color windowtext windowtext -moz-use-text-color; height:29.25pt; width:63pt\">\r\n			<p>570.000</p>\r\n			</td>\r\n			<td style=\"border-color:-moz-use-text-color windowtext windowtext -moz-use-text-color; height:29.25pt; width:76.5pt\">\r\n			<p>Đ&aacute; tự nhi&ecirc;n</p>\r\n			</td>\r\n		</tr>\r\n		<tr>\r\n			<td style=\"border-color:-moz-use-text-color windowtext windowtext; height:29.25pt; width:31.7pt\">\r\n			<p>6</p>\r\n			</td>\r\n			<td style=\"border-color:-moz-use-text-color windowtext windowtext -moz-use-text-color; height:29.25pt; width:131.2pt\">\r\n			<p>Đen Ấn Độ</p>\r\n			</td>\r\n			<td style=\"border-color:-moz-use-text-color windowtext windowtext -moz-use-text-color; height:29.25pt; width:68.2pt\">\r\n			<p>1.250.000</p>\r\n			</td>\r\n			<td style=\"border-color:-moz-use-text-color windowtext windowtext -moz-use-text-color; height:29.25pt; width:143.3pt\">\r\n			<p>Trắng Sa Mạc</p>\r\n			</td>\r\n			<td style=\"border-color:-moz-use-text-color windowtext windowtext -moz-use-text-color; height:29.25pt; width:63pt\">\r\n			<p>950.000</p>\r\n			</td>\r\n			<td style=\"border-color:-moz-use-text-color windowtext windowtext -moz-use-text-color; height:29.25pt; width:76.5pt\">\r\n			<p>Đ&aacute; tự nhi&ecirc;n</p>\r\n			</td>\r\n		</tr>\r\n		<tr>\r\n			<td style=\"border-color:-moz-use-text-color windowtext windowtext; height:31.15pt; width:31.7pt\">\r\n			<p>7</p>\r\n			</td>\r\n			<td style=\"border-color:-moz-use-text-color windowtext windowtext -moz-use-text-color; height:31.15pt; width:131.2pt\">\r\n			<p>Đen CamPuChia</p>\r\n			</td>\r\n			<td style=\"border-color:-moz-use-text-color windowtext windowtext -moz-use-text-color; height:31.15pt; width:68.2pt\">\r\n			<p>830.000</p>\r\n			</td>\r\n			<td style=\"border-color:-moz-use-text-color windowtext windowtext -moz-use-text-color; height:31.15pt; width:143.3pt\">\r\n			<p>Trắng B&igrave;nh Định</p>\r\n			</td>\r\n			<td style=\"border-color:-moz-use-text-color windowtext windowtext -moz-use-text-color; height:31.15pt; width:63pt\">\r\n			<p>570.000</p>\r\n			</td>\r\n			<td style=\"border-color:-moz-use-text-color windowtext windowtext -moz-use-text-color; height:31.15pt; width:76.5pt\">\r\n			<p>Đ&aacute; tự nhi&ecirc;n</p>\r\n			</td>\r\n		</tr>\r\n		<tr>\r\n			<td style=\"border-color:-moz-use-text-color windowtext windowtext; height:29.25pt; width:31.7pt\">\r\n			<p>8</p>\r\n			</td>\r\n			<td style=\"border-color:-moz-use-text-color windowtext windowtext -moz-use-text-color; height:29.25pt; width:131.2pt\">\r\n			<p>Đen Huế</p>\r\n			</td>\r\n			<td style=\"border-color:-moz-use-text-color windowtext windowtext -moz-use-text-color; height:29.25pt; width:68.2pt\">\r\n			<p>690.000</p>\r\n			</td>\r\n			<td style=\"border-color:-moz-use-text-color windowtext windowtext -moz-use-text-color; height:29.25pt; width:143.3pt\">\r\n			<p>Trắng Ấn Độ</p>\r\n			</td>\r\n			<td style=\"border-color:-moz-use-text-color windowtext windowtext -moz-use-text-color; height:29.25pt; width:63pt\">\r\n			<p>600.000</p>\r\n			</td>\r\n			<td style=\"border-color:-moz-use-text-color windowtext windowtext -moz-use-text-color; height:29.25pt; width:76.5pt\">\r\n			<p>Đ&aacute; tự nhi&ecirc;n</p>\r\n			</td>\r\n		</tr>\r\n		<tr>\r\n			<td style=\"border-color:-moz-use-text-color windowtext windowtext; height:29.25pt; width:31.7pt\">\r\n			<p>9</p>\r\n			</td>\r\n			<td style=\"border-color:-moz-use-text-color windowtext windowtext -moz-use-text-color; height:29.25pt; width:131.2pt\">\r\n			<p>Đen L&ocirc;ng Chuột</p>\r\n			</td>\r\n			<td style=\"border-color:-moz-use-text-color windowtext windowtext -moz-use-text-color; height:29.25pt; width:68.2pt\">\r\n			<p>600.000</p>\r\n			</td>\r\n			<td style=\"border-color:-moz-use-text-color windowtext windowtext -moz-use-text-color; height:29.25pt; width:143.3pt\">\r\n			<p>Trắng Mắt Rồng</p>\r\n			</td>\r\n			<td style=\"border-color:-moz-use-text-color windowtext windowtext -moz-use-text-color; height:29.25pt; width:63pt\">\r\n			<p>650.000</p>\r\n			</td>\r\n			<td style=\"border-color:-moz-use-text-color windowtext windowtext -moz-use-text-color; height:29.25pt; width:76.5pt\">\r\n			<p>Đ&aacute; tự nhi&ecirc;n</p>\r\n			</td>\r\n		</tr>\r\n		<tr>\r\n			<td style=\"border-color:-moz-use-text-color windowtext windowtext; height:29.25pt; width:31.7pt\">\r\n			<p>&nbsp;</p>\r\n			</td>\r\n			<td style=\"border-color:-moz-use-text-color windowtext windowtext -moz-use-text-color; height:29.25pt; width:131.2pt\">\r\n			<p>Đen mờ</p>\r\n			</td>\r\n			<td style=\"border-color:-moz-use-text-color windowtext windowtext -moz-use-text-color; height:29.25pt; width:68.2pt\">\r\n			<p>890.000</p>\r\n			</td>\r\n			<td style=\"border-color:-moz-use-text-color windowtext windowtext -moz-use-text-color; height:29.25pt; width:143.3pt\">\r\n			<p>Trắng xanh T&acirc;y Ba Nha</p>\r\n			</td>\r\n			<td style=\"border-color:-moz-use-text-color windowtext windowtext -moz-use-text-color; height:29.25pt; width:63pt\">\r\n			<p>9900.000</p>\r\n			</td>\r\n			<td style=\"border-color:-moz-use-text-color windowtext windowtext -moz-use-text-color; height:29.25pt; width:76.5pt\">\r\n			<p>Đ&aacute; tự nhi&ecirc;n</p>\r\n			</td>\r\n		</tr>\r\n		<tr>\r\n			<td style=\"border-color:-moz-use-text-color windowtext windowtext; height:31.15pt; width:31.7pt\">\r\n			<p>10</p>\r\n			</td>\r\n			<td style=\"border-color:-moz-use-text-color windowtext windowtext -moz-use-text-color; height:31.15pt; width:131.2pt\">\r\n			<p>Đen Nhuộm 1 Mặt</p>\r\n			</td>\r\n			<td style=\"border-color:-moz-use-text-color windowtext windowtext -moz-use-text-color; height:31.15pt; width:68.2pt\">\r\n			<p>570.000</p>\r\n			</td>\r\n			<td style=\"border-color:-moz-use-text-color windowtext windowtext -moz-use-text-color; height:31.15pt; width:143.3pt\">\r\n			<p>Trắng Đ&agrave;i Loan</p>\r\n			</td>\r\n			<td style=\"border-color:-moz-use-text-color windowtext windowtext -moz-use-text-color; height:31.15pt; width:63pt\">\r\n			<p>750.000</p>\r\n			</td>\r\n			<td style=\"border-color:-moz-use-text-color windowtext windowtext -moz-use-text-color; height:31.15pt; width:76.5pt\">\r\n			<p>Đ&aacute; tự nhi&ecirc;n</p>\r\n			</td>\r\n		</tr>\r\n		<tr>\r\n			<td style=\"border-color:-moz-use-text-color windowtext windowtext; height:29.25pt; width:31.7pt\">\r\n			<p>11</p>\r\n			</td>\r\n			<td style=\"border-color:-moz-use-text-color windowtext windowtext -moz-use-text-color; height:29.25pt; width:131.2pt\">\r\n			<p>Đen S&ocirc;ng Hinh</p>\r\n			</td>\r\n			<td style=\"border-color:-moz-use-text-color windowtext windowtext -moz-use-text-color; height:29.25pt; width:68.2pt\">\r\n			<p>610.000</p>\r\n			</td>\r\n			<td style=\"border-color:-moz-use-text-color windowtext windowtext -moz-use-text-color; height:29.25pt; width:143.3pt\">\r\n			<p>Trắng Đường</p>\r\n			</td>\r\n			<td style=\"border-color:-moz-use-text-color windowtext windowtext -moz-use-text-color; height:29.25pt; width:63pt\">\r\n			<p>800.000</p>\r\n			</td>\r\n			<td style=\"border-color:-moz-use-text-color windowtext windowtext -moz-use-text-color; height:29.25pt; width:76.5pt\">\r\n			<p>Đ&aacute; tự nhi&ecirc;n</p>\r\n			</td>\r\n		</tr>\r\n		<tr>\r\n			<td style=\"border-color:-moz-use-text-color windowtext windowtext; height:29.25pt; width:31.7pt\">\r\n			<p>12</p>\r\n			</td>\r\n			<td style=\"border-color:-moz-use-text-color windowtext windowtext -moz-use-text-color; height:29.25pt; width:131.2pt\">\r\n			<p>Đen B&ocirc;ng Tuyết</p>\r\n			</td>\r\n			<td style=\"border-color:-moz-use-text-color windowtext windowtext -moz-use-text-color; height:29.25pt; width:68.2pt\">\r\n			<p>620.000</p>\r\n			</td>\r\n			<td style=\"border-color:-moz-use-text-color windowtext windowtext -moz-use-text-color; height:29.25pt; width:143.3pt\">\r\n			<p>Trắng Sứ B&aacute;t</p>\r\n			</td>\r\n			<td style=\"border-color:-moz-use-text-color windowtext windowtext -moz-use-text-color; height:29.25pt; width:63pt\">\r\n			<p>1.300.000</p>\r\n			</td>\r\n			<td style=\"border-color:-moz-use-text-color windowtext windowtext -moz-use-text-color; height:29.25pt; width:76.5pt\">\r\n			<p>Đ&aacute; tự nhi&ecirc;n</p>\r\n			</td>\r\n		</tr>\r\n		<tr>\r\n			<td style=\"border-color:-moz-use-text-color windowtext windowtext; height:29.25pt; width:31.7pt\">\r\n			<p>13</p>\r\n			</td>\r\n			<td style=\"border-color:-moz-use-text-color windowtext windowtext -moz-use-text-color; height:29.25pt; width:131.2pt\">\r\n			<p>Đen zimbabwe</p>\r\n			</td>\r\n			<td style=\"border-color:-moz-use-text-color windowtext windowtext -moz-use-text-color; height:29.25pt; width:68.2pt\">\r\n			<p>830.000</p>\r\n			</td>\r\n			<td style=\"border-color:-moz-use-text-color windowtext windowtext -moz-use-text-color; height:29.25pt; width:143.3pt\">\r\n			<p>Trắng Sứ Bột</p>\r\n			</td>\r\n			<td style=\"border-color:-moz-use-text-color windowtext windowtext -moz-use-text-color; height:29.25pt; width:63pt\">\r\n			<p>1.600.000</p>\r\n			</td>\r\n			<td style=\"border-color:-moz-use-text-color windowtext windowtext -moz-use-text-color; height:29.25pt; width:76.5pt\">\r\n			<p>Đ&aacute; tự nhi&ecirc;n</p>\r\n			</td>\r\n		</tr>\r\n		<tr>\r\n			<td style=\"border-color:-moz-use-text-color windowtext windowtext; height:31.15pt; width:31.7pt\">\r\n			<p>14</p>\r\n			</td>\r\n			<td style=\"border-color:-moz-use-text-color windowtext windowtext -moz-use-text-color; height:31.15pt; width:131.2pt\">\r\n			<p>Đỏ Anh Quốc</p>\r\n			</td>\r\n			<td style=\"border-color:-moz-use-text-color windowtext windowtext -moz-use-text-color; height:31.15pt; width:68.2pt\">\r\n			<p>900.000</p>\r\n			</td>\r\n			<td style=\"border-color:-moz-use-text-color windowtext windowtext -moz-use-text-color; height:31.15pt; width:143.3pt\">\r\n			<p>Xanh Ngọc&nbsp;</p>\r\n			</td>\r\n			<td style=\"border-color:-moz-use-text-color windowtext windowtext -moz-use-text-color; height:31.15pt; width:63pt\">\r\n			<p>1.100.000</p>\r\n			</td>\r\n			<td style=\"border-color:-moz-use-text-color windowtext windowtext -moz-use-text-color; height:31.15pt; width:76.5pt\">\r\n			<p>Đ&aacute; tự nhi&ecirc;n</p>\r\n			</td>\r\n		</tr>\r\n		<tr>\r\n			<td style=\"border-color:-moz-use-text-color windowtext windowtext; height:29.25pt; width:31.7pt\">\r\n			<p>15</p>\r\n			</td>\r\n			<td style=\"border-color:-moz-use-text-color windowtext windowtext -moz-use-text-color; height:29.25pt; width:131.2pt\">\r\n			<p>Đỏ B&igrave;nh Định</p>\r\n			</td>\r\n			<td style=\"border-color:-moz-use-text-color windowtext windowtext -moz-use-text-color; height:29.25pt; width:68.2pt\">\r\n			<p>660.000</p>\r\n			</td>\r\n			<td style=\"border-color:-moz-use-text-color windowtext windowtext -moz-use-text-color; height:29.25pt; width:143.3pt\">\r\n			<p>Xanh BaHia</p>\r\n			</td>\r\n			<td style=\"border-color:-moz-use-text-color windowtext windowtext -moz-use-text-color; height:29.25pt; width:63pt\">\r\n			<p>1.200.000</p>\r\n			</td>\r\n			<td style=\"border-color:-moz-use-text-color windowtext windowtext -moz-use-text-color; height:29.25pt; width:76.5pt\">\r\n			<p>Đ&aacute; tự nhi&ecirc;n</p>\r\n			</td>\r\n		</tr>\r\n		<tr>\r\n			<td style=\"border-color:-moz-use-text-color windowtext windowtext; height:29.25pt; width:31.7pt\">\r\n			<p>16</p>\r\n			</td>\r\n			<td style=\"border-color:-moz-use-text-color windowtext windowtext -moz-use-text-color; height:29.25pt; width:131.2pt\">\r\n			<p>Đỏ Ruby B&igrave;nh Định</p>\r\n			</td>\r\n			<td style=\"border-color:-moz-use-text-color windowtext windowtext -moz-use-text-color; height:29.25pt; width:68.2pt\">\r\n			<p>860.000</p>\r\n			</td>\r\n			<td style=\"border-color:-moz-use-text-color windowtext windowtext -moz-use-text-color; height:29.25pt; width:143.3pt\">\r\n			<p>Xanh Bướm</p>\r\n			</td>\r\n			<td style=\"border-color:-moz-use-text-color windowtext windowtext -moz-use-text-color; height:29.25pt; width:63pt\">\r\n			<p>1.150.000</p>\r\n			</td>\r\n			<td style=\"border-color:-moz-use-text-color windowtext windowtext -moz-use-text-color; height:29.25pt; width:76.5pt\">\r\n			<p>Đ&aacute; tự nhi&ecirc;n</p>\r\n			</td>\r\n		</tr>\r\n		<tr>\r\n			<td style=\"border-color:-moz-use-text-color windowtext windowtext; height:31.15pt; width:31.7pt\">\r\n			<p>17</p>\r\n			</td>\r\n			<td style=\"border-color:-moz-use-text-color windowtext windowtext -moz-use-text-color; height:31.15pt; width:131.2pt\">\r\n			<p>Phấn Hồng Sa Mạc</p>\r\n			</td>\r\n			<td style=\"border-color:-moz-use-text-color windowtext windowtext -moz-use-text-color; height:31.15pt; width:68.2pt\">\r\n			<p>850.000</p>\r\n			</td>\r\n			<td style=\"border-color:-moz-use-text-color windowtext windowtext -moz-use-text-color; height:31.15pt; width:143.3pt\">\r\n			<p>Xanh Nam Mỹ</p>\r\n			</td>\r\n			<td style=\"border-color:-moz-use-text-color windowtext windowtext -moz-use-text-color; height:31.15pt; width:63pt\">\r\n			<p>850.000</p>\r\n			</td>\r\n			<td style=\"border-color:-moz-use-text-color windowtext windowtext -moz-use-text-color; height:31.15pt; width:76.5pt\">\r\n			<p>Đ&aacute; tự nhi&ecirc;n</p>\r\n			</td>\r\n		</tr>\r\n		<tr>\r\n			<td style=\"border-color:-moz-use-text-color windowtext windowtext; height:29.25pt; width:31.7pt\">\r\n			<p>18</p>\r\n			</td>\r\n			<td style=\"border-color:-moz-use-text-color windowtext windowtext -moz-use-text-color; height:29.25pt; width:131.2pt\">\r\n			<p>Kim Sa Hạt Bắp</p>\r\n			</td>\r\n			<td style=\"border-color:-moz-use-text-color windowtext windowtext -moz-use-text-color; height:29.25pt; width:68.2pt\">\r\n			<p>1.600.000</p>\r\n			</td>\r\n			<td style=\"border-color:-moz-use-text-color windowtext windowtext -moz-use-text-color; height:29.25pt; width:143.3pt\">\r\n			<p>Xanh Đen InĐo</p>\r\n			</td>\r\n			<td style=\"border-color:-moz-use-text-color windowtext windowtext -moz-use-text-color; height:29.25pt; width:63pt\">\r\n			<p>850.000</p>\r\n			</td>\r\n			<td style=\"border-color:-moz-use-text-color windowtext windowtext -moz-use-text-color; height:29.25pt; width:76.5pt\">\r\n			<p>Đ&aacute; tự nhi&ecirc;n</p>\r\n			</td>\r\n		</tr>\r\n		<tr>\r\n			<td style=\"border-color:-moz-use-text-color windowtext windowtext; height:29.25pt; width:31.7pt\">\r\n			<p>19</p>\r\n			</td>\r\n			<td style=\"border-color:-moz-use-text-color windowtext windowtext -moz-use-text-color; height:29.25pt; width:131.2pt\">\r\n			<p>&nbsp;Kim Sa Trung</p>\r\n			</td>\r\n			<td style=\"border-color:-moz-use-text-color windowtext windowtext -moz-use-text-color; height:29.25pt; width:68.2pt\">\r\n			<p>1.500.000</p>\r\n			</td>\r\n			<td style=\"border-color:-moz-use-text-color windowtext windowtext -moz-use-text-color; height:29.25pt; width:143.3pt\">\r\n			<p>Xanh Ngọc</p>\r\n			</td>\r\n			<td style=\"border-color:-moz-use-text-color windowtext windowtext -moz-use-text-color; height:29.25pt; width:63pt\">\r\n			<p>1.350.000</p>\r\n			</td>\r\n			<td style=\"border-color:-moz-use-text-color windowtext windowtext -moz-use-text-color; height:29.25pt; width:76.5pt\">\r\n			<p>Đ&aacute; tự nhi&ecirc;n</p>\r\n			</td>\r\n		</tr>\r\n		<tr>\r\n			<td style=\"border-color:-moz-use-text-color windowtext windowtext; height:29.25pt; width:31.7pt\">\r\n			<p>20</p>\r\n			</td>\r\n			<td style=\"border-color:-moz-use-text-color windowtext windowtext -moz-use-text-color; height:29.25pt; width:131.2pt\">\r\n			<p>Kim Sa Xanh</p>\r\n			</td>\r\n			<td style=\"border-color:-moz-use-text-color windowtext windowtext -moz-use-text-color; height:29.25pt; width:68.2pt\">\r\n			<p>900.000</p>\r\n			</td>\r\n			<td style=\"border-color:-moz-use-text-color windowtext windowtext -moz-use-text-color; height:29.25pt; width:143.3pt\">\r\n			<p>Xanh Tằm An Giang</p>\r\n			</td>\r\n			<td style=\"border-color:-moz-use-text-color windowtext windowtext -moz-use-text-color; height:29.25pt; width:63pt\">\r\n			<p>900.000</p>\r\n			</td>\r\n			<td style=\"border-color:-moz-use-text-color windowtext windowtext -moz-use-text-color; height:29.25pt; width:76.5pt\">\r\n			<p>Đ&aacute; tự nhi&ecirc;n</p>\r\n			</td>\r\n		</tr>\r\n		<tr>\r\n			<td style=\"border-color:-moz-use-text-color windowtext windowtext; height:31.15pt; width:31.7pt\">\r\n			<p>21</p>\r\n			</td>\r\n			<td style=\"border-color:-moz-use-text-color windowtext windowtext -moz-use-text-color; height:31.15pt; width:131.2pt\">\r\n			<p>Kem B&ocirc;ng Tuyết</p>\r\n			</td>\r\n			<td style=\"border-color:-moz-use-text-color windowtext windowtext -moz-use-text-color; height:31.15pt; width:68.2pt\">\r\n			<p>800.000</p>\r\n			</td>\r\n			<td style=\"border-color:-moz-use-text-color windowtext windowtext -moz-use-text-color; height:31.15pt; width:143.3pt\">\r\n			<p>X&agrave; Cừ Xanh &Aacute;nh V&agrave;ng</p>\r\n			</td>\r\n			<td style=\"border-color:-moz-use-text-color windowtext windowtext -moz-use-text-color; height:31.15pt; width:63pt\">\r\n			<p>1.500.000</p>\r\n			</td>\r\n			<td style=\"border-color:-moz-use-text-color windowtext windowtext -moz-use-text-color; height:31.15pt; width:76.5pt\">\r\n			<p>Đ&aacute; tự nhi&ecirc;n</p>\r\n			</td>\r\n		</tr>\r\n		<tr>\r\n			<td style=\"border-color:-moz-use-text-color windowtext windowtext; height:31.15pt; width:31.7pt\">\r\n			<p>22</p>\r\n			</td>\r\n			<td style=\"border-color:-moz-use-text-color windowtext windowtext -moz-use-text-color; height:31.15pt; width:131.2pt\">\r\n			<p>N&acirc;u Anh Quốc</p>\r\n			</td>\r\n			<td style=\"border-color:-moz-use-text-color windowtext windowtext -moz-use-text-color; height:31.15pt; width:68.2pt\">\r\n			<p>950.000</p>\r\n			</td>\r\n			<td style=\"border-color:-moz-use-text-color windowtext windowtext -moz-use-text-color; height:31.15pt; width:143.3pt\">\r\n			<p>X&agrave; Cừ Xanh Đen</p>\r\n			</td>\r\n			<td style=\"border-color:-moz-use-text-color windowtext windowtext -moz-use-text-color; height:31.15pt; width:63pt\">\r\n			<p>1.900.000</p>\r\n			</td>\r\n			<td style=\"border-color:-moz-use-text-color windowtext windowtext -moz-use-text-color; height:31.15pt; width:76.5pt\">\r\n			<p>Đ&aacute; tự nhi&ecirc;n</p>\r\n			</td>\r\n		</tr>\r\n		<tr>\r\n			<td style=\"border-color:-moz-use-text-color windowtext windowtext; height:31.15pt; width:31.7pt\">\r\n			<p>23</p>\r\n			</td>\r\n			<td style=\"border-color:-moz-use-text-color windowtext windowtext -moz-use-text-color; height:31.15pt; width:131.2pt\">\r\n			<p>N&acirc;u Saphia</p>\r\n			</td>\r\n			<td style=\"border-color:-moz-use-text-color windowtext windowtext -moz-use-text-color; height:31.15pt; width:68.2pt\">\r\n			<p>870.000</p>\r\n			</td>\r\n			<td style=\"border-color:-moz-use-text-color windowtext windowtext -moz-use-text-color; height:31.15pt; width:143.3pt\">\r\n			<p>X&agrave; Cừ X&aacute;m Trắng</p>\r\n			</td>\r\n			<td style=\"border-color:-moz-use-text-color windowtext windowtext -moz-use-text-color; height:31.15pt; width:63pt\">\r\n			<p>1.350.000</p>\r\n			</td>\r\n			<td style=\"border-color:-moz-use-text-color windowtext windowtext -moz-use-text-color; height:31.15pt; width:76.5pt\">\r\n			<p>Đ&aacute; tự nhi&ecirc;n</p>\r\n			</td>\r\n		</tr>\r\n		<tr>\r\n			<td style=\"border-color:-moz-use-text-color windowtext windowtext; height:31.15pt; width:31.7pt\">\r\n			<p>24</p>\r\n			</td>\r\n			<td style=\"border-color:-moz-use-text-color windowtext windowtext -moz-use-text-color; height:31.15pt; width:131.2pt\">\r\n			<p>RSP 001</p>\r\n			</td>\r\n			<td style=\"border-color:-moz-use-text-color windowtext windowtext -moz-use-text-color; height:31.15pt; width:68.2pt\">\r\n			<p>2.100.000</p>\r\n			</td>\r\n			<td style=\"border-color:-moz-use-text-color windowtext windowtext -moz-use-text-color; height:31.15pt; width:143.3pt\">\r\n			<p>X&agrave; Cừ X&aacute;m Xanh</p>\r\n			</td>\r\n			<td style=\"border-color:-moz-use-text-color windowtext windowtext -moz-use-text-color; height:31.15pt; width:63pt\">\r\n			<p>1.650.000</p>\r\n			</td>\r\n			<td style=\"border-color:-moz-use-text-color windowtext windowtext -moz-use-text-color; height:31.15pt; width:76.5pt\">\r\n			<p>Đ&aacute; tự nhi&ecirc;n</p>\r\n			</td>\r\n		</tr>\r\n		<tr>\r\n			<td style=\"border-color:-moz-use-text-color windowtext windowtext; height:31.15pt; width:31.7pt\">\r\n			<p>25</p>\r\n			</td>\r\n			<td style=\"border-color:-moz-use-text-color windowtext windowtext -moz-use-text-color; height:31.15pt; width:131.2pt\">\r\n			<p>RSP 002</p>\r\n			</td>\r\n			<td style=\"border-color:-moz-use-text-color windowtext windowtext -moz-use-text-color; height:31.15pt; width:68.2pt\">\r\n			<p>1.900.000</p>\r\n			</td>\r\n			<td style=\"border-color:-moz-use-text-color windowtext windowtext -moz-use-text-color; height:31.15pt; width:143.3pt\">\r\n			<p>X&aacute;m Da Hổ</p>\r\n			</td>\r\n			<td style=\"border-color:-moz-use-text-color windowtext windowtext -moz-use-text-color; height:31.15pt; width:63pt\">\r\n			<p>700.000</p>\r\n			</td>\r\n			<td style=\"border-color:-moz-use-text-color windowtext windowtext -moz-use-text-color; height:31.15pt; width:76.5pt\">\r\n			<p>Đ&aacute; tự nhi&ecirc;n</p>\r\n			</td>\r\n		</tr>\r\n		<tr>\r\n			<td style=\"border-color:-moz-use-text-color windowtext windowtext; height:31.15pt; width:31.7pt\">\r\n			<p>26</p>\r\n			</td>\r\n			<td style=\"border-color:-moz-use-text-color windowtext windowtext -moz-use-text-color; height:31.15pt; width:131.2pt\">\r\n			<p>RSP 003</p>\r\n			</td>\r\n			<td style=\"border-color:-moz-use-text-color windowtext windowtext -moz-use-text-color; height:31.15pt; width:68.2pt\">\r\n			<p>3.250.000</p>\r\n			</td>\r\n			<td style=\"border-color:-moz-use-text-color windowtext windowtext -moz-use-text-color; height:31.15pt; width:143.3pt\">\r\n			<p>RSP 015</p>\r\n			</td>\r\n			<td style=\"border-color:-moz-use-text-color windowtext windowtext -moz-use-text-color; height:31.15pt; width:63pt\">\r\n			<p>3.490.000</p>\r\n			</td>\r\n			<td style=\"border-color:-moz-use-text-color windowtext windowtext -moz-use-text-color; height:31.15pt; width:76.5pt\">\r\n			<p>Đ&aacute; Marble</p>\r\n			</td>\r\n		</tr>\r\n		<tr>\r\n			<td style=\"border-color:-moz-use-text-color windowtext windowtext; height:31.15pt; width:31.7pt\">\r\n			<p>27</p>\r\n			</td>\r\n			<td style=\"border-color:-moz-use-text-color windowtext windowtext -moz-use-text-color; height:31.15pt; width:131.2pt\">\r\n			<p>RSP 004</p>\r\n			</td>\r\n			<td style=\"border-color:-moz-use-text-color windowtext windowtext -moz-use-text-color; height:31.15pt; width:68.2pt\">\r\n			<p>1.400.000</p>\r\n			</td>\r\n			<td style=\"border-color:-moz-use-text-color windowtext windowtext -moz-use-text-color; height:31.15pt; width:143.3pt\">\r\n			<p>RSP 016</p>\r\n			</td>\r\n			<td style=\"border-color:-moz-use-text-color windowtext windowtext -moz-use-text-color; height:31.15pt; width:63pt\">\r\n			<p>1.150.000</p>\r\n			</td>\r\n			<td style=\"border-color:-moz-use-text-color windowtext windowtext -moz-use-text-color; height:31.15pt; width:76.5pt\">\r\n			<p>Đ&aacute; Marble</p>\r\n			</td>\r\n		</tr>\r\n		<tr>\r\n			<td style=\"border-color:-moz-use-text-color windowtext windowtext; height:31.15pt; width:31.7pt\">\r\n			<p>28</p>\r\n			</td>\r\n			<td style=\"border-color:-moz-use-text-color windowtext windowtext -moz-use-text-color; height:31.15pt; width:131.2pt\">\r\n			<p>RSP 005</p>\r\n			</td>\r\n			<td style=\"border-color:-moz-use-text-color windowtext windowtext -moz-use-text-color; height:31.15pt; width:68.2pt\">\r\n			<p>2.600.000</p>\r\n			</td>\r\n			<td style=\"border-color:-moz-use-text-color windowtext windowtext -moz-use-text-color; height:31.15pt; width:143.3pt\">\r\n			<p>RSP 0017</p>\r\n			</td>\r\n			<td style=\"border-color:-moz-use-text-color windowtext windowtext -moz-use-text-color; height:31.15pt; width:63pt\">\r\n			<p>2.600.000</p>\r\n			</td>\r\n			<td style=\"border-color:-moz-use-text-color windowtext windowtext -moz-use-text-color; height:31.15pt; width:76.5pt\">\r\n			<p>Đ&aacute; Marble</p>\r\n			</td>\r\n		</tr>\r\n		<tr>\r\n			<td style=\"border-color:-moz-use-text-color windowtext windowtext; height:31.15pt; width:31.7pt\">\r\n			<p>29</p>\r\n			</td>\r\n			<td style=\"border-color:-moz-use-text-color windowtext windowtext -moz-use-text-color; height:31.15pt; width:131.2pt\">\r\n			<p>RSP 006</p>\r\n			</td>\r\n			<td style=\"border-color:-moz-use-text-color windowtext windowtext -moz-use-text-color; height:31.15pt; width:68.2pt\">\r\n			<p>3.200.000</p>\r\n			</td>\r\n			<td style=\"border-color:-moz-use-text-color windowtext windowtext -moz-use-text-color; height:31.15pt; width:143.3pt\">\r\n			<p>RSP 018</p>\r\n			</td>\r\n			<td style=\"border-color:-moz-use-text-color windowtext windowtext -moz-use-text-color; height:31.15pt; width:63pt\">\r\n			<p>1.570.000</p>\r\n			</td>\r\n			<td style=\"border-color:-moz-use-text-color windowtext windowtext -moz-use-text-color; height:31.15pt; width:76.5pt\">\r\n			<p>Đ&aacute; Marble</p>\r\n			</td>\r\n		</tr>\r\n		<tr>\r\n			<td style=\"border-color:-moz-use-text-color windowtext windowtext; height:31.15pt; width:31.7pt\">\r\n			<p>30</p>\r\n			</td>\r\n			<td style=\"border-color:-moz-use-text-color windowtext windowtext -moz-use-text-color; height:31.15pt; width:131.2pt\">\r\n			<p>RSP 007</p>\r\n			</td>\r\n			<td style=\"border-color:-moz-use-text-color windowtext windowtext -moz-use-text-color; height:31.15pt; width:68.2pt\">\r\n			<p>2.650.000</p>\r\n			</td>\r\n			<td style=\"border-color:-moz-use-text-color windowtext windowtext -moz-use-text-color; height:31.15pt; width:143.3pt\">\r\n			<p>RSP 019</p>\r\n			</td>\r\n			<td style=\"border-color:-moz-use-text-color windowtext windowtext -moz-use-text-color; height:31.15pt; width:63pt\">\r\n			<p>1.650.000</p>\r\n			</td>\r\n			<td style=\"border-color:-moz-use-text-color windowtext windowtext -moz-use-text-color; height:31.15pt; width:76.5pt\">\r\n			<p>Đ&aacute; Marble</p>\r\n			</td>\r\n		</tr>\r\n		<tr>\r\n			<td style=\"border-color:-moz-use-text-color windowtext windowtext; height:31.15pt; width:31.7pt\">\r\n			<p>31</p>\r\n			</td>\r\n			<td style=\"border-color:-moz-use-text-color windowtext windowtext -moz-use-text-color; height:31.15pt; width:131.2pt\">\r\n			<p>RSP 008</p>\r\n			</td>\r\n			<td style=\"border-color:-moz-use-text-color windowtext windowtext -moz-use-text-color; height:31.15pt; width:68.2pt\">\r\n			<p>2.610.000</p>\r\n			</td>\r\n			<td style=\"border-color:-moz-use-text-color windowtext windowtext -moz-use-text-color; height:31.15pt; width:143.3pt\">\r\n			<p>RSP 020</p>\r\n			</td>\r\n			<td style=\"border-color:-moz-use-text-color windowtext windowtext -moz-use-text-color; height:31.15pt; width:63pt\">\r\n			<p>2.610.000</p>\r\n			</td>\r\n			<td style=\"border-color:-moz-use-text-color windowtext windowtext -moz-use-text-color; height:31.15pt; width:76.5pt\">\r\n			<p>Đ&aacute; Marble</p>\r\n			</td>\r\n		</tr>\r\n		<tr>\r\n			<td style=\"border-color:-moz-use-text-color windowtext windowtext; height:31.15pt; width:31.7pt\">\r\n			<p>32</p>\r\n			</td>\r\n			<td style=\"border-color:-moz-use-text-color windowtext windowtext -moz-use-text-color; height:31.15pt; width:131.2pt\">\r\n			<p>RSP 009</p>\r\n			</td>\r\n			<td style=\"border-color:-moz-use-text-color windowtext windowtext -moz-use-text-color; height:31.15pt; width:68.2pt\">\r\n			<p>1.700.000</p>\r\n			</td>\r\n			<td style=\"border-color:-moz-use-text-color windowtext windowtext -moz-use-text-color; height:31.15pt; width:143.3pt\">\r\n			<p>RSP 0021</p>\r\n			</td>\r\n			<td style=\"border-color:-moz-use-text-color windowtext windowtext -moz-use-text-color; height:31.15pt; width:63pt\">\r\n			<p>4.700.000</p>\r\n			</td>\r\n			<td style=\"border-color:-moz-use-text-color windowtext windowtext -moz-use-text-color; height:31.15pt; width:76.5pt\">\r\n			<p>Đ&aacute; Marble</p>\r\n			</td>\r\n		</tr>\r\n		<tr>\r\n			<td style=\"border-color:-moz-use-text-color windowtext windowtext; height:31.15pt; width:31.7pt\">\r\n			<p>33</p>\r\n			</td>\r\n			<td style=\"border-color:-moz-use-text-color windowtext windowtext -moz-use-text-color; height:31.15pt; width:131.2pt\">\r\n			<p>RSP 010</p>\r\n			</td>\r\n			<td style=\"border-color:-moz-use-text-color windowtext windowtext -moz-use-text-color; height:31.15pt; width:68.2pt\">\r\n			<p>2.950.000</p>\r\n			</td>\r\n			<td style=\"border-color:-moz-use-text-color windowtext windowtext -moz-use-text-color; height:31.15pt; width:143.3pt\">\r\n			<p>&nbsp;RSP 022</p>\r\n			</td>\r\n			<td style=\"border-color:-moz-use-text-color windowtext windowtext -moz-use-text-color; height:31.15pt; width:63pt\">\r\n			<p>2.950.000</p>\r\n			</td>\r\n			<td style=\"border-color:-moz-use-text-color windowtext windowtext -moz-use-text-color; height:31.15pt; width:76.5pt\">\r\n			<p>Đ&aacute; Marble</p>\r\n			</td>\r\n		</tr>\r\n		<tr>\r\n			<td style=\"border-color:-moz-use-text-color windowtext windowtext; height:31.15pt; width:31.7pt\">\r\n			<p>34</p>\r\n			</td>\r\n			<td style=\"border-color:-moz-use-text-color windowtext windowtext -moz-use-text-color; height:31.15pt; width:131.2pt\">\r\n			<p>RSP 011</p>\r\n			</td>\r\n			<td style=\"border-color:-moz-use-text-color windowtext windowtext -moz-use-text-color; height:31.15pt; width:68.2pt\">\r\n			<p>3.200.000</p>\r\n			</td>\r\n			<td style=\"border-color:-moz-use-text-color windowtext windowtext -moz-use-text-color; height:31.15pt; width:143.3pt\">\r\n			<p>RSP 023</p>\r\n			</td>\r\n			<td style=\"border-color:-moz-use-text-color windowtext windowtext -moz-use-text-color; height:31.15pt; width:63pt\">\r\n			<p>2.200.000</p>\r\n			</td>\r\n			<td style=\"border-color:-moz-use-text-color windowtext windowtext -moz-use-text-color; height:31.15pt; width:76.5pt\">\r\n			<p>Đ&aacute; Marble</p>\r\n			</td>\r\n		</tr>\r\n		<tr>\r\n			<td style=\"border-color:-moz-use-text-color windowtext windowtext; height:31.15pt; width:31.7pt\">\r\n			<p>35</p>\r\n			</td>\r\n			<td style=\"border-color:-moz-use-text-color windowtext windowtext -moz-use-text-color; height:31.15pt; width:131.2pt\">\r\n			<p>RSP 012</p>\r\n			</td>\r\n			<td style=\"border-color:-moz-use-text-color windowtext windowtext -moz-use-text-color; height:31.15pt; width:68.2pt\">\r\n			<p>1.500.000</p>\r\n			</td>\r\n			<td style=\"border-color:-moz-use-text-color windowtext windowtext -moz-use-text-color; height:31.15pt; width:143.3pt\">\r\n			<p>RSP 024</p>\r\n			</td>\r\n			<td style=\"border-color:-moz-use-text-color windowtext windowtext -moz-use-text-color; height:31.15pt; width:63pt\">\r\n			<p>2.500.000</p>\r\n			</td>\r\n			<td style=\"border-color:-moz-use-text-color windowtext windowtext -moz-use-text-color; height:31.15pt; width:76.5pt\">\r\n			<p>Đ&aacute; Marble</p>\r\n			</td>\r\n		</tr>\r\n		<tr>\r\n			<td style=\"border-color:-moz-use-text-color windowtext windowtext; height:31.15pt; width:31.7pt\">\r\n			<p>36</p>\r\n			</td>\r\n			<td style=\"border-color:-moz-use-text-color windowtext windowtext -moz-use-text-color; height:31.15pt; width:131.2pt\">\r\n			<p>RSP 013</p>\r\n			</td>\r\n			<td style=\"border-color:-moz-use-text-color windowtext windowtext -moz-use-text-color; height:31.15pt; width:68.2pt\">\r\n			<p>1.470.000</p>\r\n			</td>\r\n			<td style=\"border-color:-moz-use-text-color windowtext windowtext -moz-use-text-color; height:31.15pt; width:143.3pt\">\r\n			<p>RSP 025</p>\r\n			</td>\r\n			<td style=\"border-color:-moz-use-text-color windowtext windowtext -moz-use-text-color; height:31.15pt; width:63pt\">\r\n			<p>1.470.000</p>\r\n			</td>\r\n			<td style=\"border-color:-moz-use-text-color windowtext windowtext -moz-use-text-color; height:31.15pt; width:76.5pt\">\r\n			<p>Đ&aacute; Marble</p>\r\n			</td>\r\n		</tr>\r\n		<tr>\r\n			<td style=\"border-color:-moz-use-text-color windowtext windowtext; height:31.15pt; width:31.7pt\">\r\n			<p>37</p>\r\n			</td>\r\n			<td style=\"border-color:-moz-use-text-color windowtext windowtext -moz-use-text-color; height:31.15pt; width:131.2pt\">\r\n			<p>RSP 014</p>\r\n			</td>\r\n			<td style=\"border-color:-moz-use-text-color windowtext windowtext -moz-use-text-color; height:31.15pt; width:68.2pt\">\r\n			<p>2.570.000</p>\r\n			</td>\r\n			<td style=\"border-color:-moz-use-text-color windowtext windowtext -moz-use-text-color; height:31.15pt; width:143.3pt\">\r\n			<p>&nbsp;RSP 026</p>\r\n			</td>\r\n			<td style=\"border-color:-moz-use-text-color windowtext windowtext -moz-use-text-color; height:31.15pt; width:63pt\">\r\n			<p>2.570.000</p>\r\n			</td>\r\n			<td style=\"border-color:-moz-use-text-color windowtext windowtext -moz-use-text-color; height:31.15pt; width:76.5pt\">\r\n			<p>Đ&aacute; Marble</p>\r\n			</td>\r\n		</tr>\r\n	</tbody>\r\n</table>\r\n','2016-09-28 13:05:07','2016-09-28 13:10:00',0,0,1,0,0,'','','',''),(11,'Cách chọn ánh sáng đèn led phù hợp cho ngôi nhà','cach-chon-anh-sang-den-led-phu-hop-cho-ngoi-nha','Cach chon anh sang den led phu hop cho ngoi nha','Để tạo nên một không gian sống hài hòa, đẹp và ấn tượng không chỉ phụ thuộc vào việc bố trí nội thất bên trong căn phòng mà còn dựa trên việc lựa chọn màu sắc và ánh sáng của những chiếc đèn trang trí. Lựa chọn được ánh sáng phù hợp, đẹp sẽ góp phần tăng thêm sự hoàn hảo cho ngôi nhà.','2016/10/03/2-43-1475487115.jpg',7,'<p>&Aacute;nh s&aacute;ng đ&egrave;n hiện nay c&oacute; kh&aacute; nhiều loại để ch&uacute;ng ta lựa chọn, t&ugrave;y thuộc v&agrave;o sở th&iacute;ch, mục đ&iacute;ch sử dụng, vị tr&iacute; kh&ocirc;ng gian&hellip; để lựa chọn loại &aacute;nh s&aacute;ng cho ph&ugrave; hợp nhất.</p>\r\n\r\n<p><strong>1. C&aacute;c loại &aacute;nh s&aacute;ng đ&egrave;n cơ bản như:</strong></p>\r\n\r\n<p><img alt=\"6\" src=\"http://anhungthinh.com.vn/wp-content/uploads/2016/06/6-9.jpg\" style=\"height:520px; width:915px\" /></p>\r\n\r\n<p><strong>&Aacute;nh s&aacute;ng v&agrave;ng</strong></p>\r\n\r\n<p>Đ&acirc;y l&agrave; một loại &aacute;nh s&aacute;ng ấm mang đến cảm gi&aacute;c gần gũi, dễ chịu v&agrave; ấm &aacute;p cho mọi người trong kh&ocirc;ng gian. Tuy nhi&ecirc;n, loại &aacute;nh s&aacute;ng n&agrave;y c&oacute; thể l&agrave;m thay đổi m&agrave;u sắc, h&igrave;nh dạng của c&aacute;c đồ vật đặt gần ch&uacute;ng.</p>\r\n\r\n<p><strong>&Aacute;nh s&aacute;ng trắng</strong></p>\r\n\r\n<p>M&agrave;u sắc của &aacute;nh s&aacute;ng trắng được sử dụng nhiều nhất hiện nay v&agrave; ch&uacute;ng ph&ugrave; hợp với hầu hết mọi kh&ocirc;ng gian như ph&ograve;ng l&agrave;m việc, ph&ograve;ng kh&aacute;ch nhất l&agrave; khu vực c&oacute; đặt gương soi.</p>\r\n\r\n<p><strong>&Aacute;nh s&aacute;ng m&agrave;u</strong></p>\r\n\r\n<p>Một kh&ocirc;ng gian sống với m&agrave;u sắc sống động hẳn sẽ gi&uacute;p bạn cảm thấy hưng phấn v&agrave; tr&agrave;n đầy năng lượng hơn nhiều. V&igrave; vậy, nhiều người đ&atilde; lựa chọn &aacute;nh s&aacute;ng m&agrave;u từ những chiếc đ&egrave;n Led m&agrave;u sắc để tăng sự sinh động cho kh&ocirc;ng gian. Tuy nhi&ecirc;n, loại &aacute;nh s&aacute;ng m&agrave;u n&agrave;y sẽ th&iacute;ch hợp với c&aacute;c khu vực như ph&ograve;ng giải tr&iacute;, ph&ograve;ng karaoke hoặc khu vực ngo&agrave;i trời, s&acirc;n vườn&hellip;</p>\r\n\r\n<p><strong>2. Chọn &aacute;nh s&aacute;ng đ&egrave;n cho từng kh&ocirc;ng gian</strong></p>\r\n\r\n<p><img alt=\"2\" src=\"http://anhungthinh.com.vn/wp-content/uploads/2016/06/2-43.jpg\" style=\"height:520px; width:915px\" /></p>\r\n\r\n<p><strong>Ph&ograve;ng kh&aacute;ch</strong></p>\r\n\r\n<p>Ph&ograve;ng kh&aacute;ch l&agrave; khu vực trung t&acirc;m của ng&ocirc;i nh&agrave;, l&agrave; nơi diễn ra mọi hoạt động của c&aacute;c th&agrave;nh vi&ecirc;n trong gia đ&igrave;nh n&ecirc;n &aacute;nh s&aacute;ng d&agrave;nh cho khu vực n&agrave;y n&ecirc;n l&agrave; &aacute;nh s&aacute;ng trắng. Sắc trắng của &aacute;nh s&aacute;ng sẽ mang đến sự gần gũi, nhẹ nh&agrave;ng cho kh&ocirc;ng gian v&agrave; ch&uacute; &yacute; đến nội thất b&ecirc;n trong ng&ocirc;i nh&agrave; nh&eacute;.</p>\r\n\r\n<p><strong>Ph&ograve;ng ngủ</strong></p>\r\n\r\n<p>Đ&acirc;y l&agrave; nơi để ch&uacute;ng ta nghỉ ngơi, thư gi&atilde;n sau khoảng thời gian l&agrave;m việc mệt nho&agrave;i v&igrave; vậy kh&ocirc;ng gian ph&ograve;ng ngủ cần phải tạo được sự ấm &aacute;p, thoải m&aacute;i v&agrave; thư th&aacute;i. V&agrave; m&agrave;u sắc &aacute;nh s&aacute;ng th&iacute;ch hợp sẽ l&agrave; &aacute;nh s&aacute;ng v&agrave;ng, ch&uacute;ng ta kh&ocirc;ng n&ecirc;n chọn &aacute;nh s&aacute;ng trắng v&igrave; ch&uacute;ng qu&aacute; s&aacute;ng. Ch&uacute; &yacute;, với ph&ograve;ng ngủ chỉ n&ecirc;n chọn loại đ&egrave;n ngủ treo tường hoặc để b&agrave;n nhỏ, kh&ocirc;ng chọn đ&egrave;n ch&ugrave;m pha l&ecirc; qu&aacute; to sẽ l&agrave;m ảnh hưởng đến giấc ngủ v&agrave; kh&ocirc;ng tốt về mặt phong thủy.</p>\r\n\r\n<p><strong>Khu vực nấu nướng, ph&ograve;ng bếp</strong></p>\r\n\r\n<p><img alt=\"15\" src=\"http://anhungthinh.com.vn/wp-content/uploads/2016/06/15.jpg\" style=\"height:520px; width:915px\" /></p>\r\n\r\n<p>Nh&agrave; bếp đ&ograve;i hỏi lượng &aacute;nh s&aacute;ng lớn để đảm bảo mọi hoạt động nấu nướng diễn ra tốt nhất, ch&uacute;ng ta n&ecirc;n chọn loại đ&egrave;n với &aacute;nh s&aacute;ng v&agrave;ng v&agrave; lắp khoảng 2 &ndash; 3 b&oacute;ng đ&egrave;n. Với khu vực n&agrave;y đ&egrave;n h&igrave;nh ống sẽ l&agrave; lựa chọn ho&agrave;n hảo nhất.</p>\r\n\r\n<p><strong>Ph&ograve;ng đọc s&aacute;ch, l&agrave;m việc</strong></p>\r\n\r\n<p>Ch&iacute;nh sự ch&acirc;n thực v&agrave; gần với &aacute;nh s&aacute;ng tự nhi&ecirc;n m&agrave; loại đ&egrave;n Led cho &aacute;nh s&aacute;ng trắng l&agrave; lựa chọn h&agrave;ng đầu d&agrave;nh cho khu vực ph&ograve;ng đọc s&aacute;ch, ph&ograve;ng l&agrave;m việc. V&agrave; nhất l&agrave; n&oacute; kh&ocirc;ng g&acirc;y hại cho đ&ocirc;i mắt của ch&uacute;ng ta khi đọc s&aacute;ch hay l&agrave;m việc với m&aacute;y t&iacute;nh.</p>\r\n','2016-10-03 09:32:22','2016-10-03 09:32:22',0,0,1,0,0,'','','',''),(15,'Đá Onyx là gì?','da-onyx-la-gi','Da Onyx la gi','','2016/10/04/onice-opium-1475467956-1475580660.jpg',7,'<p><span style=\"font-size:16px\">-Onyx l&agrave; loại đ&aacute; thuộc d&ograve;ng đ&aacute; thạch anh, kết hợp từ nước v&agrave; qu&aacute; tr&igrave;nh ph&acirc;n r&atilde; của đ&aacute; v&ocirc;i, c&ugrave;ng với sự chuyển h&oacute;a li&ecirc;n tục trong l&ograve;ng đất tạo th&agrave;nh một loại đ&aacute; mới.&nbsp;</span></p>\r\n\r\n<p><span style=\"font-size:16px\">-Onyx c&oacute; đặc t&iacute;nh mềm,&nbsp;gi&ograve;n, dễ vỡ v&agrave; rạn nứt theo v&acirc;n,&nbsp;c&oacute; bề mặt tr&ocirc;ng như s&aacute;p, khả năng xuy&ecirc;n s&aacute;ng v&agrave; vẻ đẹp sang trọng. Onyx&nbsp; c&oacute; nhiều lớp m&agrave;u sắc kh&aacute;c nhau&hellip;</span></p>\r\n\r\n<p><span style=\"font-size:16px\">-Onyx d&ugrave;ng để :Ốp tường, l&agrave;m mặt b&agrave;n, quầy bar, l&agrave;m đ&egrave;n trang tr&iacute;&hellip; C&aacute;c th&agrave;nh phẩm sử dụng c&oacute; thể l&agrave; dạng tấm lớn, dạng k&iacute;ch thước quy c&aacute;ch hoặc l&agrave; mosaic. Onyx ph&ugrave; hợp với c&aacute;c thiết kế theo phong c&aacute;ch cổ điển cũng như hiện đại v&agrave; được sử dụng nhiều để l&agrave;m điểm nhấn ở c&aacute;c sảnh lớn, khu vực quầy bar, khu vực lễ t&acirc;n, ph&ograve;ng tắm.</span></p>\r\n','2016-10-04 11:31:07','2016-10-04 12:56:20',0,0,1,0,0,'','','',''),(16,'Trang Trí Phòng Tắm Bằng Đá Hoa Cương Như Thế Nào?','trang-tri-phong-tam-bang-da-hoa-cuong-nhu-the-nao','Trang Tri Phong Tam Bang Da Hoa Cuong Nhu The Nao','','2016/10/04/1111-1-1475582385.jpg',7,'<p><span style=\"font-size:16px\">-Ph&ograve;ng tắm sẽ dễ d&agrave;ng bị nhuốm bẩn qua thời gian, cho d&ugrave; bạn kỹ c&agrave;ng, thường xuy&ecirc;n lau ch&ugrave;i v&agrave; c&aacute;c vấn đề vệ sinh l&agrave;m sạch ph&ograve;ng tắm. Tuy nhi&ecirc;n, chỉ với những b&iacute; quyết nhỏ th&ocirc;i, ph&ograve;ng tắm của bạn sẽ trở n&ecirc;n kh&aacute;c thường với những trang tr&iacute; v&ocirc; c&ugrave;ng đơn giản.</span></p>\r\n\r\n<p><span style=\"font-size:16px\">-Ch&uacute;ng t&ocirc;i xin giới thiệu l&agrave; c&aacute;ch thay đổi ph&ograve;ng tắm ho&agrave;n to&agrave;n bất ngờ khiến kh&ocirc;ng gian ph&ograve;ng trở n&ecirc;n đẹp mắt với đ&aacute; hoa cương, l&agrave;m tăng hứng khởi cho những sinh hoạt b&ecirc;n trong n&oacute;.</span></p>\r\n\r\n<p><span style=\"font-size:16px\">-Nếu bạn đang sử dụng nội thất gỗ tối m&agrave;u, gạch ốp tường xanh sậm cho ph&ograve;ng tắm nh&agrave; bạn th&igrave; kh&ocirc;ng gian thường tối v&agrave; nặng nề. Hơn nữa c&aacute;ch phối m&agrave;u loang của gạch men ốp tường mang đến cảm gi&aacute;c cũ kỹ, hoen ố. Kh&ocirc;ng gian thiếu &aacute;nh s&aacute;ng khiến căn ph&ograve;ng c&agrave;ng th&ecirc;m ẩm thấp, u tối.</span></p>\r\n\r\n<p><span style=\"font-size:16px\">-Nhưng nếu bạn sử dụng đ&aacute; hoa cương trong ph&ograve;ng tăm th&igrave; điều đ&oacute; sẽ l&agrave;m s&aacute;ng kh&ocirc;ng gian v&agrave; sẽ tuyệt hơn nếu c&oacute; cửa sổ lớn Đổi mới ho&agrave;n to&agrave;n nền tường bằng đ&aacute; hoa cương c&oacute; m&agrave;u &nbsp;m&agrave; bạn y&ecirc;u th&iacute;ch, với đặc t&iacute;nh ri&ecirc;ng của m&igrave;nh đ&aacute; hoa cương sẽ l&agrave;m căn ph&ograve;ng s&aacute;ng sủa v&agrave; nhẹ nh&agrave;ng hơn, tạo th&ecirc;m 1 hốc tường để trữ sữa tắm, dầu gội&hellip; cho kh&ocirc;ng gian gọn g&agrave;ng.</span></p>\r\n\r\n<p>&nbsp;</p>\r\n','2016-10-04 11:59:58','2016-10-04 12:53:39',0,0,1,0,0,'','','',''),(17,'Tại sao đá Marble thường mềm hơn đá Granite, nhưng lại cao cấp hơn đá Granite?','tai-sao-da-marble-thuong-mem-hon-da-granite-nhung-lai-cao-cap-hon-da-granite','Tai sao da Marble thuong mem hon da Granite, nhung lai cao cap hon da Granite','','2016/10/04/trang-volokas1-1475582699.jpg',7,'<p><span style=\"font-size:16px\">-Trả lời: Phần lớn đ&aacute; Marble kh&ocirc;ng c&oacute; độ cứng như đ&aacute; Granite, chủng loại đ&aacute; Marble kh&ocirc;ng nhiều bằng đ&aacute; Granite. Về m&agrave;u sắc, v&acirc;n đ&aacute; Marble tươi v&agrave; c&oacute; sức sống, đ&aacute;&nbsp;Granite th&igrave; t&ocirc;ng&nbsp;m&agrave;u trầm hơn, khi ốp l&ecirc;n&nbsp;đ&aacute; Marble nh&igrave;n sang trọng hơn.</span></p>\r\n\r\n<p><span style=\"font-size:16px\">-Từ xa xưa, người ta đ&atilde; d&ugrave;ng đ&aacute; Marble để trang tr&iacute; b&ecirc;n trong c&aacute;c dinh thự, cung điện. Ng&agrave;y nay đ&aacute; marble thường được d&ugrave;ng để ốp l&aacute;t&nbsp;kh&aacute;ch sạn, biệt thự, reshort&hellip;</span></p>\r\n\r\n<p>&nbsp;</p>\r\n','2016-10-04 12:05:07','2016-10-04 12:46:40',0,0,1,0,0,'','','',''),(18,'Sử dụng đá hoa cương – đá Granite trong ốp cầu thang','su-dung-da-hoa-cuong-da-granite-trong-op-cau-thang','Su dung da hoa cuong – da Granite trong op cau thang','','2016/10/10/1-1476097357.jpg',5,'<p><span style=\"font-size:16px\">Cầu thang được coi l&agrave; th&agrave;nh phần quan trọng nhất trong thiết kế nh&agrave; ở, v&igrave; đ&acirc;y l&agrave; kiến tr&uacute;c kết nối giữa c&aacute;c kh&ocirc;ng gian trong ng&ocirc;i nh&agrave; lại với nhau. Vật liệu đa dạng &nbsp;như hiện nay th&igrave; đ&aacute; hoa cương ốp cầu thang &ndash; hay c&ograve;n gọi l&agrave; đ&aacute; Granite vẫn l&agrave; lựa chọn tối ưu của kiến tr&uacute;c sư, đồng thời n&oacute; sẽ đem đến trải nghiệm tuyệt vời cho kh&ocirc;ng gian nh&agrave; bạn.</span></p>\r\n\r\n<p><span style=\"font-size:16px\">Ng&agrave;y nay, cầu thang kh&ocirc;ng chỉ đ&oacute;ng vai tr&ograve; đơn thuần l&agrave; cầu nối giữa c&aacute;c tầng trong ng&ocirc;i nh&agrave; m&agrave; n&oacute; c&ograve;n l&agrave; vật trang tr&iacute;, điểm nhấn của to&agrave;n bộ c&ocirc;ng tr&igrave;nh hay n&acirc;ng tầm c&aacute;c chi tiết nội thất kh&aacute;c,&hellip; Cầu thang thể hiện sự đẳng cấp của gia chủ, n&eacute;t tinh tế của thiết kế. Kh&ocirc;ng những thế, cầu thang c&ograve;n được v&iacute; như cột sống của to&agrave;n bộ căn nh&agrave;, đẹp chưa đủ, chắc chắn, bền bỉ, tạo cảm gi&aacute;c an to&agrave;n cho người sử dụng mới l&agrave; ưu ti&ecirc;n h&agrave;ng đầu. Một khung cột sống chắc chắn mới đem lại nhiều hạnh ph&uacute;c, vui vẻ cho th&agrave;nh vi&ecirc;n trong căn nh&agrave;. Cho n&ecirc;n, sử dụng&nbsp;đ&aacute; hoa cương l&aacute;t cầu thang&nbsp;l&agrave; một lựa chọn v&ocirc; c&ugrave;ng l&yacute; tưởng.</span></p>\r\n','2016-10-10 11:05:41','2016-10-11 09:05:32',0,0,1,0,0,'','','',''),(19,'Đá áp lát cầu thang xuyên sáng','da-op-lat-cau-thang-thi-cong-cau-thang-xuyen-sang','Da ap lat cau thang xuyen sang','','2016/10/10/4-1476098579.jpg',5,'','2016-10-10 11:23:26','2016-10-11 09:08:25',0,0,1,0,0,'','','',''),(20,'Phòng bếp Đá granite trắng','phong-bep-da-granite-trang','Phong bep Da granite trang','','2016/10/11/1-1476174572.jpg',4,'<p><span style=\"font-size:16px\">Với m&agrave;u đ&aacute; Granite n&agrave;y, kh&aacute; nhiều người e ngại bởi m&agrave;u trắng kh&aacute; đơn điệu, kh&ocirc;ng nổi bật, tuy nhi&ecirc;n thực tế lại ngược lại đ&acirc;y l&agrave; m&agrave;u được sử dụng phổ biến nhất. L&iacute; do ch&iacute;nh bởi những loại đ&aacute;&nbsp;Granite trang n&agrave;y c&ograve;n thường k&egrave;m theo c&aacute;c loại v&acirc;n đ&aacute; với những hoa văn độc đ&aacute;o với đa dạng những kiểu d&aacute;ng cũng như m&agrave;u sắc kh&aacute;c nhau, kh&ocirc;ng chỉ vững chắc m&agrave; c&ograve;n tạo n&ecirc;n sự sang trọng cho ph&ograve;ng bếp nh&agrave; bạn.</span></p>\r\n\r\n<p><span style=\"font-size:16px\">B&ecirc;n cạnh đ&oacute;, đ&acirc;y c&ograve;n l&agrave; m&agrave;u sắc khiến kh&ocirc;ng gian bếp trở n&ecirc;n rộng v&agrave; tho&aacute;ng hơn rất nhiều, đặc biệt với những hộ gia đ&igrave;nh c&oacute; diện t&iacute;ch hạn hẹp như căn hộ, chung cư.</span></p>\r\n','2016-10-11 08:32:44','2016-10-11 08:32:44',0,0,1,0,0,'','','',''),(21,'Phòng bếp Anh Nhàn - Bình Dương - Đá granite Beige','phong-bep-anh-nhan-binh-duong-da-granite-beige','Phong bep Anh Nhan - Binh Duong - Da granite Beige','','2016/10/11/2-1476174834.jpg',4,'<p><span style=\"font-size:16px\">Đ&acirc;y cũng l&agrave; một trong những loại đ&aacute; được sử dụng kh&aacute; nhiều. Loại đ&aacute; n&agrave;y gần giống như đ&aacute;&nbsp;Granite t&ocirc;&nbsp;những &nbsp;đường v&acirc;n vện c&oacute; m&agrave;u đậm v&agrave; r&otilde; n&eacute;t hơn bao gồm c&aacute;c m&agrave;u chủ đạo như x&aacute;m, đen, n&acirc;u. Những m&agrave;u v&acirc;n vện n&agrave;y được pha trộn rất h&agrave;i h&ograve;a với nhau gi&uacute;p bạn c&oacute; thể trang tr&iacute; một c&aacute;ch dễ d&agrave;ng. Loại đ&aacute; n&agrave;y thường được sử dụng để thiết kế bếp theo phong c&aacute;ch mang hơi hướng cổ điển.</span></p>\r\n','2016-10-11 08:37:26','2016-10-11 08:37:26',0,0,1,0,0,'','','',''),(22,'Anh Duy - Bình Thạnh - Đá Granite nâu','anh-duy-binh-thanh-da-granite-nau','Anh Duy - Binh Thanh - Da Granite nau','','2016/10/11/3-1476176156.jpg',4,'<p><span style=\"font-size:16px\">Loại đ&aacute; n&agrave;y c&oacute; m&agrave;u hơi tối n&ecirc;n hơi kh&oacute; kết hợp, tuy nhi&ecirc;n, nếu kh&eacute;o l&eacute;o một ch&uacute;t, bạn sẽ tạo cho ph&ograve;ng bếp của bạn một kh&ocirc;ng gian cực kỳ ho&agrave;n hảo v&agrave; tinh tế bằng c&aacute;ch kết hợp giữa m&agrave;u đ&egrave;n bếp với nền tường t&ocirc;ng s&aacute;ng sẽ mang lại hiệu quả thẩm mỹ kh&aacute; cao. T&ocirc;ng m&agrave;u trầm c&ugrave;ng &aacute;nh s&aacute;ng của đ&egrave;n sẽ khiến kh&ocirc;ng gian n&agrave;y trở n&ecirc;n ấm cũng hơn bao giờ hết.</span></p>\r\n','2016-10-11 08:57:19','2016-10-11 08:57:19',0,0,1,0,0,'','','',''),(23,'Chị Thuỷ - Quận 9 - Đá Granite đen','chi-thuy-quan-9-da-granite-den','Chi Thuy - Quan 9 - Da Granite den','','2016/10/11/4-1476176300.jpg',4,'<p><span style=\"font-size:16px\">.Đ&acirc;y l&agrave; một xu hướng độc đ&aacute;o cho những ng&ocirc;i nh&agrave; mang hơi hướng hiện đại, tạo điểm nhấn cho kh&ocirc;ng gian ph&ograve;ng bếp trở n&ecirc;n độc đ&aacute;o, tinh tế v&agrave; rất sang trọng. Kh&ocirc;ng chỉ đơn sắc một m&agrave;u m&agrave; nếu được chiếu s&aacute;ng, b&agrave;n bếp sẽ c&oacute; những lấp l&aacute;nh li ti của &aacute;nh kim, c&agrave;ng tạo cho kh&ocirc;ng gian bếp của bạn sự độc đ&aacute;o, mới lạ</span></p>\r\n','2016-10-11 08:59:13','2016-10-11 09:00:32',0,0,1,0,0,'','','',''),(24,'Mặt tiền công ty Thuận Thiên Thành - Đồng Nai - Tp Hồ Chí Minh','mat-tien-cong-ty-thuan-thien-thanh-dong-nai-tp-ho-chi-minh','Mat tien cong ty Thuan Thien Thanh - Dong Nai - Tp Ho Chi Minh','','2016/10/13/21-1476348603.jpg',6,'<p><span style=\"font-size:16px\">Đ&aacute; Marble với m&agrave;u sắc tự nhi&ecirc;n bền đẹp theo thời gian, độ b&oacute;ng cao &iacute;t b&aacute;m bụi bẩn sẽ l&agrave; sự lựa chọn h&agrave;ng đầu cho ốp mặt tiền, sảnh, cầu thang m&aacute;y, b&agrave;n bếp, lavabo...</span></p>\r\n\r\n<p><span style=\"font-size:18px\">C&ocirc;ng ty <span style=\"color:#b22222\">An Hưng Thịnh&nbsp;</span><span style=\"color:#000000\">rất h&acirc;n hạnh&nbsp;được phục vụ Qu&yacute; kh&aacute;ch h&agrave;ng!</span></span></p>\r\n','2016-10-13 08:53:10','2016-10-13 08:53:10',0,0,1,0,0,'','','',''),(25,'Mặt tiền công ty Hưng Thịnh Phát - Quận 9 - Tp Hồ Chí Minh','mat-tien-cong-ty-hung-thinh-phat-quan-9-tp-ho-chi-minh','Mat tien cong ty Hung Thinh Phat - Quan 9 - Tp Ho Chi Minh','','2016/10/13/11-1476349185.jpg',6,'<h2><span style=\"font-size:16px\">Trong thế kỷ 21, đ&aacute; tự nhi&ecirc;n đ&atilde; v&agrave; đang canh tranh đ&aacute;ng kể so với c&aacute;c vật liệu kh&aacute;c như gỗ v&agrave; ốp l&aacute;t gốm sứ trong trang tr&iacute; nội thất, sắt, k&iacute;nh v&agrave; nh&ocirc;m trong trang tr&iacute; ngoại thất, nhưng qua sự phản &aacute;nh r&otilde; r&agrave;ng cho thấy rằng hiện diện của việc ốp l&aacute;t đ&aacute; hoa cương được biết tr&ecirc;n quan điểm đặc t&iacute;nh kỹ thuật v&agrave; c&oacute; sự kết hợp m&agrave;u sắc đa dạng. Đ&aacute; Granit (đ&aacute; hoa cương) đ&atilde; v&agrave; đang c&oacute; những tiến bộ to lớn bằng việc sử dụng với tỷ lệ lớn, được ốp l&aacute;t cả trong lẫn ngo&agrave;i do c&oacute; đặc t&iacute;nh cứng v&agrave; bền của n&oacute; cũng như sự gia tăng việc sử dụng với c&aacute;c m&agrave;u v&agrave; h&igrave;nh thức hoa mỹ kh&aacute;c nhau của n&oacute;.</span></h2>\r\n','2016-10-13 09:05:58','2016-10-13 09:05:58',0,0,1,0,0,'','','',''),(26,'Mặt tiền nhà anh Cường - Bình Dương ','mat-tien-nha-anh-cuong-binh-duong','Mat tien nha anh Cuong - Binh Duong ','','2016/10/13/33-1476350700.jpg',6,'<p><span style=\"font-size:16px\"><strong>Trang tr&iacute; ngoại thất</strong>&nbsp;ng&ocirc;i nh&agrave; để tạo n&ecirc;n dấu ấn kh&aacute;c biệt trong d&atilde;y phố. Nhưng tr&ecirc;n một d&atilde;y phố gần như mọi căn nh&agrave; l&ocirc; phố đều giống nhau về k&iacute;ch thước v&agrave; hầu như chỉ c&oacute; một mặt tiền th&igrave; vấn đề c&oacute; một căn nh&agrave; đẹp kh&ocirc;ng phải chuyện đơn giản. Thử th&aacute;ch đ&oacute; l&agrave; vấn đề m&agrave; Kiến tr&uacute;c sư phải vượt qua bằng c&aacute;ch t&igrave;m ra những biện ph&aacute;p ph&ugrave; hợp nhất cho từng gia chủ.Giải ph&aacute;p đẹp nhất hiện nay đ&oacute; l&agrave; d&ugrave;ng c&aacute;c loại&nbsp;<strong>đ&aacute; ốp mặt tiền</strong>&nbsp;, n&oacute; giải quyết b&agrave;i to&aacute;n phối m&agrave;u cho mặt tiền hết sức nhanh gọn v&agrave; nổi bật vẻ sang trọng cho ng&ocirc;i nh&agrave;.</span></p>\r\n\r\n<p><span style=\"font-size:18px\">C&ocirc;ng ty <span style=\"color:#b22222\">An Hưng Thịnh</span> rất h&acirc;n hạnh thi c&ocirc;ng c&ocirc;ng tr&igrave;nh n&agrave;y!</span></p>\r\n','2016-10-13 09:28:21','2016-10-13 09:28:21',0,0,1,0,0,'','','','');
/*!40000 ALTER TABLE `articles` ENABLE KEYS */;
UNLOCK TABLES;

--
-- Table structure for table `articles_cate`
--

DROP TABLE IF EXISTS `articles_cate`;
/*!40101 SET @saved_cs_client     = @@character_set_client */;
/*!40101 SET character_set_client = utf8 */;
CREATE TABLE `articles_cate` (
  `id` int(11) NOT NULL AUTO_INCREMENT,
  `name` varchar(255) NOT NULL,
  `slug` varchar(255) NOT NULL,
  `alias` varchar(255) NOT NULL,
  `description` varchar(500) DEFAULT NULL,
  `created_at` datetime NOT NULL,
  `updated_at` datetime NOT NULL,
  `created_user` tinyint(4) NOT NULL,
  `updated_user` tinyint(4) NOT NULL,
  `status` tinyint(1) NOT NULL,
  `display_order` tinyint(4) NOT NULL,
  `meta_title` varchar(255) DEFAULT NULL,
  `meta_description` varchar(255) DEFAULT NULL,
  `meta_keywords` varchar(255) DEFAULT NULL,
  `custom_text` text,
  PRIMARY KEY (`id`)
) ENGINE=InnoDB AUTO_INCREMENT=8 DEFAULT CHARSET=utf8;
/*!40101 SET character_set_client = @saved_cs_client */;

--
-- Dumping data for table `articles_cate`
--

LOCK TABLES `articles_cate` WRITE;
/*!40000 ALTER TABLE `articles_cate` DISABLE KEYS */;
INSERT INTO `articles_cate` VALUES (1,'Tin tức','tin-tuc','Tin tuc','','2016-07-24 06:34:20','2016-07-24 06:37:09',0,0,1,0,'Tin tức','','',''),(2,'Tư vấn','tu-van','Tu van','','2016-09-22 16:43:20','2016-09-22 16:43:20',0,0,1,0,'Tư vấn','Tư vấn','Tư vấn',''),(3,'Bảng giá','bang-gia','Bang gia','','2016-09-28 13:03:32','2016-09-28 13:03:32',0,0,1,0,'','','',''),(4,'Thi công bếp','thi-cong-bep','Thi cong bep','','2016-10-01 10:39:12','2016-10-01 10:40:12',0,0,1,0,'','','',''),(5,'Thi công cầu thang','thi-cong-cau-thang','Thi cong cau thang','','2016-10-01 10:40:21','2016-10-01 10:40:21',0,0,1,0,'','','',''),(6,'Thi công mặt tiền','thi-cong-mat-tien','Thi cong mat tien','','2016-10-01 10:40:34','2016-10-01 10:40:34',0,0,1,0,'','','',''),(7,'Kiến trúc sư tư vấn','kien-truc-su-tu-van','Kien truc su tu van','','2016-10-03 09:11:32','2016-10-03 09:11:32',0,0,1,0,'','','','');
/*!40000 ALTER TABLE `articles_cate` ENABLE KEYS */;
UNLOCK TABLES;

--
-- Table structure for table `category`
--

DROP TABLE IF EXISTS `category`;
/*!40101 SET @saved_cs_client     = @@character_set_client */;
/*!40101 SET character_set_client = utf8 */;
CREATE TABLE `category` (
  `id` int(11) NOT NULL AUTO_INCREMENT,
  `name` varchar(255) NOT NULL,
  `alias` varchar(255) NOT NULL,
  `description` varchar(500) DEFAULT NULL,
  `display_order` int(11) NOT NULL DEFAULT '1',
  `slug` varchar(255) NOT NULL,
  `status` tinyint(1) NOT NULL DEFAULT '1',
  `meta_title` varchar(255) DEFAULT NULL,
  `meta_description` varchar(255) DEFAULT NULL,
  `meta_keywords` varchar(255) DEFAULT NULL,
  `custom_text` varchar(255) DEFAULT NULL,
  `created_user` tinyint(4) NOT NULL,
  `updated_user` tinyint(4) NOT NULL,
  `created_at` datetime NOT NULL,
  `updated_at` datetime NOT NULL,
  PRIMARY KEY (`id`)
) ENGINE=InnoDB AUTO_INCREMENT=8 DEFAULT CHARSET=utf8 ROW_FORMAT=COMPACT;
/*!40101 SET character_set_client = @saved_cs_client */;

--
-- Dumping data for table `category`
--

LOCK TABLES `category` WRITE;
/*!40000 ALTER TABLE `category` DISABLE KEYS */;
INSERT INTO `category` VALUES (1,'ĐÁ GRANITE','DA GRANITE','',1,'da-granite',1,'ĐÁ GRANITE','ĐÁ GRANITE','ĐÁ GRANITE','ĐÁ GRANITE',1,1,'2016-09-19 01:45:16','2016-09-19 01:45:16'),(2,'ĐÁ MARBLE','DA MARBLE','',1,'da-marble',1,'ĐÁ MARBLE','ĐÁ MARBLE','ĐÁ MARBLE','ĐÁ MARBLE',1,1,'2016-09-19 01:45:33','2016-09-19 01:45:33'),(3,'ĐÁ NHÂN TẠO','DA NHAN TAO','',1,'da-nhan-tao',1,'ĐÁ NHÂN TẠO','ĐÁ NHÂN TẠO','ĐÁ NHÂN TẠO','ĐÁ NHÂN TẠO',1,1,'2016-09-19 01:45:46','2016-09-19 01:45:46'),(4,'Đá Onyx','Da Onyx','',1,'da-onyx',1,'','','','',1,1,'2016-10-01 10:10:23','2016-10-01 10:10:23'),(5,'Cột','Cot','',1,'cot',1,'','','','',1,1,'2016-10-01 10:10:37','2016-10-01 10:10:37'),(6,'Chỉ Phào','Chi Phao','',1,'chi-phao',1,'','','','',1,1,'2016-10-01 10:10:49','2016-10-01 10:10:49'),(7,'Hoa Văn','Hoa Van','',1,'hoa-van',1,'','','','',1,1,'2016-10-01 10:11:01','2016-10-01 10:11:01');
/*!40000 ALTER TABLE `category` ENABLE KEYS */;
UNLOCK TABLES;

--
-- Table structure for table `images`
--

DROP TABLE IF EXISTS `images`;
/*!40101 SET @saved_cs_client     = @@character_set_client */;
/*!40101 SET character_set_client = utf8 */;
CREATE TABLE `images` (
  `id` int(11) NOT NULL AUTO_INCREMENT,
  `image_url` varchar(255) NOT NULL,
  `album_id` tinyint(4) NOT NULL,
  `created_at` datetime NOT NULL,
  `updated_at` datetime NOT NULL,
  PRIMARY KEY (`id`)
) ENGINE=InnoDB AUTO_INCREMENT=22 DEFAULT CHARSET=utf8;
/*!40101 SET character_set_client = @saved_cs_client */;

--
-- Dumping data for table `images`
--

LOCK TABLES `images` WRITE;
/*!40000 ALTER TABLE `images` DISABLE KEYS */;
INSERT INTO `images` VALUES (1,'2016/09/20/40700801-1474360367.png',1,'2016-09-20 08:32:48','2016-09-20 08:32:48'),(2,'2016/09/20/89765347-1474360780.png',1,'2016-09-20 08:32:54','2016-09-20 08:39:41'),(3,'2016/09/20/82514814-1474360380.png',1,'2016-09-20 08:33:00','2016-09-20 08:33:00'),(4,'2016/09/20/08957657-1474360395.jpg',2,'2016-09-20 08:33:15','2016-09-20 08:33:15'),(5,'2016/09/20/20502088-1474360401.jpg',2,'2016-09-20 08:33:22','2016-09-20 08:33:22'),(6,'2016/09/20/43182773-1474360408.jpg',2,'2016-09-20 08:33:29','2016-09-20 08:33:29'),(7,'2016/09/20/51989522-1474360414.jpg',2,'2016-09-20 08:33:35','2016-09-20 08:33:35'),(8,'2016/09/20/20739105-1474360420.jpg',2,'2016-09-20 08:33:41','2016-09-20 08:33:41'),(9,'2016/09/20/10951532-1474360512.jpg',3,'2016-09-20 08:35:13','2016-09-20 08:35:13'),(10,'2016/09/20/58220510-1474360519.jpg',3,'2016-09-20 08:35:20','2016-09-20 08:35:20'),(11,'2016/09/20/58220510-1474360638.jpg',3,'2016-09-20 08:37:18','2016-09-20 08:37:18'),(12,'2016/09/28/30062159-1474369497-1475069037.png',4,'2016-09-28 13:23:57','2016-09-28 13:23:57'),(13,'2016/10/03/2222-1475465413.jpg',4,'2016-09-28 13:24:05','2016-10-03 03:30:17'),(14,'2016/09/28/hoclim-logo-1475069312.png',5,'2016-09-28 13:28:33','2016-09-28 13:28:33'),(15,'2016/09/28/viglacera-logo-1475069316.png',5,'2016-09-28 13:28:37','2016-09-28 13:28:37'),(16,'2016/09/28/dong-a-bank-logo-1475069322.png',5,'2016-09-28 13:28:43','2016-09-28 13:28:43'),(17,'2016/09/28/hoa-phat-logo-1475069327.png',5,'2016-09-28 13:28:48','2016-09-28 13:28:48'),(18,'2016/09/28/vnpt-logo-1475069334.png',5,'2016-09-28 13:28:55','2016-09-28 13:28:55'),(19,'2016/09/28/linax-logo-1475069341.png',5,'2016-09-28 13:29:02','2016-09-28 13:29:02'),(20,'2016/09/28/pomina-1475069348.png',5,'2016-09-28 13:29:09','2016-09-28 13:29:09'),(21,'2016/10/03/111111-1475465432.jpg',4,'2016-10-03 03:30:34','2016-10-03 03:30:34');
/*!40000 ALTER TABLE `images` ENABLE KEYS */;
UNLOCK TABLES;

--
-- Table structure for table `pages`
--

DROP TABLE IF EXISTS `pages`;
/*!40101 SET @saved_cs_client     = @@character_set_client */;
/*!40101 SET character_set_client = utf8 */;
CREATE TABLE `pages` (
  `id` int(111) NOT NULL AUTO_INCREMENT,
  `title` varchar(255) NOT NULL,
  `alias` varchar(255) NOT NULL,
  `description` varchar(500) DEFAULT NULL,
  `content` text,
  `image_url` varchar(255) NOT NULL,
  `slug` varchar(255) NOT NULL,
  `status` tinyint(1) NOT NULL DEFAULT '1',
  `meta_title` varchar(255) DEFAULT NULL,
  `meta_description` varchar(255) DEFAULT NULL,
  `meta_keywords` varchar(255) DEFAULT NULL,
  `custom_text` varchar(255) DEFAULT NULL,
  `created_user` tinyint(4) NOT NULL,
  `updated_user` tinyint(4) NOT NULL,
  `created_at` datetime NOT NULL,
  `updated_at` datetime NOT NULL,
  PRIMARY KEY (`id`)
) ENGINE=InnoDB AUTO_INCREMENT=2 DEFAULT CHARSET=utf8 ROW_FORMAT=COMPACT;
/*!40101 SET character_set_client = @saved_cs_client */;

--
-- Dumping data for table `pages`
--

LOCK TABLES `pages` WRITE;
/*!40000 ALTER TABLE `pages` DISABLE KEYS */;
INSERT INTO `pages` VALUES (1,'Giới thiệu','Gioi thieu','Đá Marble và Granite là loại đá được ứng dụng rộng rãi trong ốp lát ngành xây dựng. Với Ưu điểm của 2 loại vật liệu này là tạo phong cách lịch lãm, thoáng mát, cách nhiệt mang đến cho chủ nhân căn nhà một sự hòa hợp tuyệt vời giữa phong cách cổ điển và hiện đại. Ngoài ra, đá marble – Granite còn có tính chịu lực cao và độ bền tốt. Độ dày của đá cho phép nền nhà chịu được sự va đập mạnh.','<p>Đ&aacute; Marble v&agrave; Granite l&agrave; loại đ&aacute; được ứng dụng rộng r&atilde;i trong ốp l&aacute;t ng&agrave;nh x&acirc;y dựng. Với Ưu điểm của 2 loại vật liệu n&agrave;y l&agrave; tạo phong c&aacute;ch lịch l&atilde;m, tho&aacute;ng m&aacute;t, c&aacute;ch nhiệt mang đến cho chủ nh&acirc;n căn nh&agrave; một sự h&ograve;a hợp tuyệt vời giữa phong c&aacute;ch cổ điển v&agrave; hiện đại. Ngo&agrave;i ra, đ&aacute; marble &ndash; Granite c&ograve;n c&oacute; t&iacute;nh chịu lực cao v&agrave; độ bền tốt. Độ d&agrave;y của đ&aacute; cho ph&eacute;p nền nh&agrave; chịu được sự va đập mạnh.</p>\r\n','2016/09/20/30062159-1474369497.png','gioi-thieu',1,'Giới thiệu','Giới thiệu','Giới thiệu','Giới thiệu',0,0,'2016-09-20 11:04:32','2016-09-20 11:04:58');
/*!40000 ALTER TABLE `pages` ENABLE KEYS */;
UNLOCK TABLES;

--
-- Table structure for table `product`
--

DROP TABLE IF EXISTS `product`;
/*!40101 SET @saved_cs_client     = @@character_set_client */;
/*!40101 SET character_set_client = utf8 */;
CREATE TABLE `product` (
  `id` int(11) NOT NULL AUTO_INCREMENT,
  `ma_sp` varchar(100) DEFAULT NULL,
  `cate_id` tinyint(4) NOT NULL,
  `name` varchar(255) NOT NULL,
  `alias` varchar(255) NOT NULL,
  `description` varchar(500) DEFAULT NULL,
  `content` text,
  `image_url` varchar(255) NOT NULL,
  `price` varchar(50) NOT NULL,
  `is_hot` tinyint(1) NOT NULL DEFAULT '0',
  `slug` varchar(255) NOT NULL,
  `status` tinyint(1) NOT NULL DEFAULT '1',
  `meta_title` varchar(255) DEFAULT NULL,
  `meta_description` varchar(255) DEFAULT NULL,
  `meta_keywords` varchar(255) DEFAULT NULL,
  `custom_text` text,
  `created_user` tinyint(4) NOT NULL,
  `updated_user` tinyint(4) NOT NULL,
  `created_at` datetime NOT NULL,
  `updated_at` datetime NOT NULL,
  PRIMARY KEY (`id`)
) ENGINE=InnoDB AUTO_INCREMENT=77 DEFAULT CHARSET=utf8 ROW_FORMAT=COMPACT;
/*!40101 SET character_set_client = @saved_cs_client */;

--
-- Dumping data for table `product`
--

LOCK TABLES `product` WRITE;
/*!40000 ALTER TABLE `product` DISABLE KEYS */;
INSERT INTO `product` VALUES (3,NULL,1,'Đen Kim Sa Trung','Den Kim Sa Trung','','<table border=\"1\">\r\n	<tbody>\r\n		<tr>\r\n			<td><strong>Loại</strong></td>\r\n			<td>Granite</td>\r\n		</tr>\r\n		<tr>\r\n			<td><strong>M&agrave;u</strong></td>\r\n			<td>Đen</td>\r\n		</tr>\r\n		<tr>\r\n			<td><strong>D&agrave;y</strong></td>\r\n			<td>18 &ndash; 20 mm</td>\r\n		</tr>\r\n		<tr>\r\n			<td><strong>Xuất xứ</strong></td>\r\n			<td>Ấn Độ</td>\r\n		</tr>\r\n		<tr>\r\n			<td><strong>K&iacute;ch thước</strong></td>\r\n			<td>Gi&aacute; &aacute;p dụng cho khổ &lt; 60 cm</td>\r\n		</tr>\r\n		<tr>\r\n			<td><strong>C&ocirc;ng tr&igrave;nh</strong></td>\r\n			<td>Mặt tiền, Lavabo, B&agrave;n bếp</td>\r\n		</tr>\r\n		<tr>\r\n			<td><strong>Vận chuyển</strong></td>\r\n			<td>Miễn ph&iacute; trừ c&ocirc;ng tr&igrave;nh bếp &lt; 5 m d&agrave;i</td>\r\n		</tr>\r\n		<tr>\r\n			<td><strong>Bảo h&agrave;nh</strong></td>\r\n			<td>Bảo h&agrave;nh độ b&oacute;ng 12 th&aacute;ng</td>\r\n		</tr>\r\n	</tbody>\r\n</table>\r\n','2016/09/22/den-kim-sa-trung-1474539323.jpg','950.000 đ/m2',0,'den-kim-sa-trung',1,'','','','',0,0,'2016-09-21 12:37:25','2016-10-03 08:59:58'),(4,NULL,1,'Đen Kim Sa Bắp','Den Kim Sa Bap','','<table border=\"1\">\r\n	<tbody>\r\n		<tr>\r\n			<td><strong>Loại</strong></td>\r\n			<td>Granite</td>\r\n		</tr>\r\n		<tr>\r\n			<td><strong>M&agrave;u</strong></td>\r\n			<td>Đen</td>\r\n		</tr>\r\n		<tr>\r\n			<td><strong>D&agrave;y</strong></td>\r\n			<td>18 &ndash; 20 mm</td>\r\n		</tr>\r\n		<tr>\r\n			<td><strong>Xuất xứ</strong></td>\r\n			<td>Ấn Độ</td>\r\n		</tr>\r\n		<tr>\r\n			<td><strong>K&iacute;ch thước</strong></td>\r\n			<td>Gi&aacute; &aacute;p dụng cho khổ &lt; 60 cm</td>\r\n		</tr>\r\n		<tr>\r\n			<td><strong>C&ocirc;ng tr&igrave;nh</strong></td>\r\n			<td>Mặt tiền, Lavabo, B&agrave;n bếp</td>\r\n		</tr>\r\n		<tr>\r\n			<td><strong>Vận chuyển</strong></td>\r\n			<td>Miễn ph&iacute; trừ c&ocirc;ng tr&igrave;nh bếp &lt; 5 m d&agrave;i</td>\r\n		</tr>\r\n		<tr>\r\n			<td><strong>Bảo h&agrave;nh</strong></td>\r\n			<td>Bảo h&agrave;nh độ b&oacute;ng 12 th&aacute;ng</td>\r\n		</tr>\r\n	</tbody>\r\n</table>\r\n','2016/09/22/kim-sa-bap-1474539920.jpg','1.400.000 đ/m2',0,'den-kim-sa-bap',1,'','','','',0,0,'2016-09-22 10:25:29','2016-10-03 08:59:58'),(5,NULL,1,'Đen Phú Yên','Den Phu Yen','','<table border=\"1\">\r\n	<tbody>\r\n		<tr>\r\n			<td><strong>Loại</strong></td>\r\n			<td>Granite</td>\r\n		</tr>\r\n		<tr>\r\n			<td><strong>M&agrave;u</strong></td>\r\n			<td>Đen</td>\r\n		</tr>\r\n		<tr>\r\n			<td><strong>D&agrave;y</strong></td>\r\n			<td>18 &ndash; 20 mm</td>\r\n		</tr>\r\n		<tr>\r\n			<td><strong>Xuất xứ</strong></td>\r\n			<td>Ph&uacute; Y&ecirc;n</td>\r\n		</tr>\r\n		<tr>\r\n			<td><strong>K&iacute;ch thước</strong></td>\r\n			<td>Gi&aacute; &aacute;p dụng cho khổ &lt; 60 cm</td>\r\n		</tr>\r\n		<tr>\r\n			<td><strong>C&ocirc;ng tr&igrave;nh</strong></td>\r\n			<td>Mặt tiền, Lavabo, B&agrave;n bếp</td>\r\n		</tr>\r\n		<tr>\r\n			<td><strong>Vận chuyển</strong></td>\r\n			<td>Miễn ph&iacute; trừ c&ocirc;ng tr&igrave;nh bếp &lt; 5 m d&agrave;i</td>\r\n		</tr>\r\n		<tr>\r\n			<td><strong>Bảo h&agrave;nh</strong></td>\r\n			<td>Bảo h&agrave;nh độ b&oacute;ng 12 th&aacute;ng</td>\r\n		</tr>\r\n	</tbody>\r\n</table>\r\n','2016/09/22/den-phu-yen1-1474540986.jpg','900.000 đ/m2',0,'den-phu-yen',1,'','','','',0,0,'2016-09-22 10:43:41','2016-10-03 08:59:58'),(6,NULL,2,'Đá Trắng Volokas','Da Trang Volokas','','','2016/09/24/trang-volokas1-1474703047.jpg','1.100.000 đ/m2',0,'da-trang-volokas',1,'','','','',0,0,'2016-09-24 07:44:23','2016-10-03 08:59:58'),(7,NULL,2,'Đá Nâu Tây Ban Nha','Da Nau Tay Ban Nha','','','2016/09/24/nau-tay-ban-nha1-1474703240.jpg','950.000 đ/m2',0,'da-nau-tay-ban-nha',1,'','','','',0,0,'2016-09-24 07:47:25','2016-10-03 08:59:58'),(8,NULL,2,'Đá Vàng Thạch Anh','Da Vang Thach Anh','','','2016/09/24/da-vang-thach-anh-1474703416.jpg','480.000 đ/m2',0,'da-vang-thach-anh',1,'','','','',0,0,'2016-09-24 07:50:23','2016-10-03 08:59:58'),(9,NULL,2,'Đá Kem Rosalya','Da Kem Rosalya','','','2016/09/24/da-kem-rosalya-1474703578.jpg','950.000 đ/m2',0,'da-kem-rosalya',1,'','','','',0,0,'2016-09-24 07:53:04','2016-10-03 08:59:58'),(10,NULL,2,'Đá Empelado','Da Empelado','','','2016/09/24/da-dac-empelado1-1474703763.jpg','900.000 đ/m2',0,'da-empelado',1,'','','','',0,0,'2016-09-24 07:56:07','2016-10-03 08:59:58'),(11,NULL,2,'Đá Tranh Sơn Thuỷ A','Da Tranh Son Thuy A','','','2016/09/24/trang-son-thuy-1474704962.jpg','2.200.000 đ/m2',0,'da-tranh-son-thuy',1,'','','','',0,0,'2016-09-24 08:16:06','2016-10-03 08:59:58'),(12,NULL,2,'Đá Red Rosa A','Da Red Rosa A','','','2016/09/24/da-red-1474705121.jpg','750.000 đ/m2',0,'da-red-rosa-a',1,'','','','',0,0,'2016-09-24 08:18:45','2016-10-03 08:59:58'),(13,NULL,2,'Đá Đen Tia Chớp Vân Nhỏ','Da Den Tia Chop Van Nho','','','2016/09/24/da-den-tia-chop-van-nho-1474705570.jpg','890.000 đ/m2',0,'da-den-tia-chop-van-nho',1,'','','','',0,0,'2016-09-24 08:26:14','2016-10-03 08:59:58'),(14,NULL,2,'Đá  Light Emperador','Da  Light Emperador','','','2016/09/24/da-light-emperador-1474705873.jpg','950.000 đ/m2',0,'da-light-emperador',1,'','','','',0,0,'2016-09-24 08:31:22','2016-10-03 08:59:58'),(15,NULL,1,'Đá Đen Lông Chuột','Da Den Long Chuot','','','2016/09/30/den-long-chuot-1475215851.jpg','750.000 đ/m2',0,'da-den-long-chuot',1,'','','','',0,0,'2016-09-30 06:11:07','2016-10-03 08:59:58'),(16,NULL,1,'Đen Huế','Den Hue','','','2016/09/30/den-hue1-1475215909.jpg','850.000 đ/m2',0,'den-hue',1,'','','','',0,0,'2016-09-30 06:11:53','2016-10-03 08:59:58'),(17,NULL,1,'Đen Campuchia','Den Campuchia','','','2016/09/30/den-campuchia-1475215987.jpg','870.000 đ/m2',0,'den-campuchia',1,'','','','',0,0,'2016-09-30 06:13:16','2016-10-03 08:59:58'),(18,NULL,1,'Đen Ấn Độ','Den An Do','','','2016/09/30/den-an-do-1475216052.jpg','1.250.000 đ/m2',0,'den-an-do',1,'','','','',0,0,'2016-09-30 06:14:27','2016-10-03 08:59:58'),(19,NULL,1,'Trắng Suối Lau','Trang Suoi Lau','','','2016/09/30/trang-suoi-lau-1475216174.jpg','600.000 đ/m2',0,'trang-suoi-lau',1,'','','','',0,0,'2016-09-30 06:16:17','2016-10-03 08:59:58'),(20,NULL,1,'Trắng Bình Định','Trang Binh Dinh','','','2016/09/30/trang-binh-dinh-1475216241.jpg','750.000 đ/m2',0,'trang-binh-dinh',1,'','','','',0,0,'2016-09-30 06:17:24','2016-10-03 08:59:58'),(21,NULL,1,'Đen Bazan','Den Bazan','','','2016/09/30/den-bazan1-1475218012.jpg','750.000 đ/m2',0,'den-bazan',1,'','','','',0,0,'2016-09-30 06:46:57','2016-10-03 08:59:58'),(22,NULL,1,'Đỏ Ấn Độ','Do An Do','','','2016/09/30/do-an-do2-1475218062.jpg','1.350.000 đ/m2',0,'do-an-do',1,'','','','',0,0,'2016-09-30 06:47:45','2016-10-03 08:59:58'),(23,NULL,1,'Đỏ Anh Quốc','Do Anh Quoc','','','2016/09/30/do-anh-quoc3-1475218082.jpg','850.000 đ/m2',0,'do-anh-quoc',1,'','','','',0,0,'2016-09-30 06:48:17','2016-10-03 08:59:58'),(24,NULL,1,'Đỏ Bình Định','Do Binh Dinh','','','2016/09/30/do-binh-dinh4-1475218149.jpg','750.000 đ/m2',0,'do-binh-dinh',1,'','','','',0,0,'2016-09-30 06:49:12','2016-10-03 08:59:58'),(25,NULL,1,'Đỏ Japan','Do Japan','','','2016/09/30/do-japan5-1475218206.jpg','700.000 đ/m2',0,'do-japan',1,'','','','',0,0,'2016-09-30 06:50:15','2016-10-03 08:59:58'),(26,NULL,1,'Đỏ Phần Lan','Do Phan Lan','','','2016/09/30/do-phan-lan-1475218249.jpg','900.000 đ/m2',0,'do-phan-lan',1,'','','','',0,0,'2016-09-30 06:51:06','2016-10-03 08:59:58'),(27,NULL,1,'Đỏ Ruby','Do Ruby','','','2016/09/30/do-ruby7-1475218774.jpg','1.350.000 đ/m2',0,'do-ruby',1,'','','','',0,0,'2016-09-30 06:59:45','2016-10-03 08:59:58'),(28,NULL,1,'Đỏ Sa Mạc','Do Sa Mac','','','2016/09/30/do-sa-mac8-1475218810.jpg','1.400.000 đ/m2',0,'do-sa-mac',1,'','','','',0,0,'2016-09-30 07:00:21','2016-10-03 08:59:58'),(29,NULL,1,'Hồng Bình Định','Hong Binh Dinh','','','2016/09/30/hong-binh-dinh9-1475218846.jpg','650.000 đ/m2',0,'hong-binh-dinh',1,'','','','',0,0,'2016-09-30 07:01:12','2016-10-03 08:59:58'),(30,NULL,1,'Hồng Gia Lai','Hong Gia Lai','','','2016/09/30/hong-gia-la10i-1475218895.jpg','550.000 đ/m2',0,'hong-gia-lai',1,'','','','',0,0,'2016-09-30 07:01:47','2016-10-03 08:59:58'),(31,NULL,1,'Nâu Anh Quốc','Nau Anh Quoc','','','2016/09/30/nau-anh-quoc11-1475218934.jpg','850.000 đ/m2',0,'nau-anh-quoc',1,'','','','',0,0,'2016-09-30 07:03:19','2016-10-03 08:59:58'),(32,NULL,1,'Nâu Phần Lan','Nau Phan Lan','','','2016/09/30/nau-phan-lan1-1475219819.jpg','950.000 đ/m2',0,'nau-phan-lan',1,'','','','',0,0,'2016-09-30 07:17:14','2016-10-03 08:59:58'),(33,NULL,1,'Tím Hoa Cà','Tim Hoa Ca','','','2016/09/30/tim-hoa-ca2-1475219860.jpg','550.000 đ/m2',0,'tim-hoa-ca',1,'','','','',0,0,'2016-09-30 07:17:56','2016-10-03 08:59:58'),(34,NULL,1,'Tím Khách Hoà','Tim Khach Hoa','','','2016/09/30/tim-khanh-hoa3-1475219897.jpg','650.000 đ/m2',0,'tim-khach-hoa',1,'','','','',0,0,'2016-09-30 07:18:32','2016-10-03 08:59:58'),(35,NULL,1,'Tím Mông Cổ','Tim Mong Co','','','2016/09/30/tim-mong-co4-1475219932.jpg','450.000 đ/m2',0,'tim-mong-co',1,'','','','',0,0,'2016-09-30 07:19:06','2016-10-03 08:59:58'),(36,NULL,1,'Tím Sa Mạc','Tim Sa Mac','','','2016/09/30/tim-sa-mac5-1475219973.jpg','1.350.000 đ/m2',0,'tim-sa-mac',1,'','','','',0,0,'2016-09-30 07:19:47','2016-10-03 08:59:58'),(37,NULL,1,'Trắng Phan Rang','Trang Phan Rang','','','2016/09/30/trang-phan-rang6-1475220019.jpg','800.000 đ/m2',0,'trang-phan-rang',1,'','','','',0,0,'2016-09-30 07:20:37','2016-10-03 08:59:58'),(38,NULL,1,'Trắng Sa Mạc','Trang Sa Mac','','','2016/09/30/trang-sa-mac-1475220063.jpg','1.300.000 đ/m2',0,'trang-sa-mac',1,'','','','',0,0,'2016-09-30 07:21:17','2016-10-03 08:59:58'),(39,NULL,1,'Trắng Xà Cừ','Trang Xa Cu','','','2016/09/30/trang-xa-cu8-1475220107.jpg','1.250.000 đ/m2',0,'trang-xa-cu',1,'','','','',0,0,'2016-09-30 07:22:00','2016-10-03 08:59:58'),(40,NULL,1,'Vàng Bình Định','Vang Binh Dinh','','','2016/09/30/vang-binh-dinh-1475220148.jpg','850.000 đ/m2',0,'vang-binh-dinh',1,'','','','',0,0,'2016-09-30 07:22:42','2016-10-03 08:59:58'),(41,NULL,1,'Vàng Brazil','Vang Brazil','','','2016/09/30/vang-brazin-1475220285.jpg','1.500.000 đ/m2',0,'vang-brazil',1,'','','','',0,0,'2016-09-30 07:25:05','2016-10-03 08:59:58'),(42,NULL,1,'Vàng Bướm Brazil','Vang Buom Brazil','','','2016/09/30/vang-buom-brazil-1475221525.jpg','1.500.000 đ/m2',0,'vang-buom-brazil',1,'','','','',0,0,'2016-09-30 07:46:00','2016-10-03 08:59:58'),(43,NULL,1,'Vàng Da Báo','Vang Da Bao','','','2016/09/30/vang-da-bao-1475221591.jpg','1.650.000 đ/m2',0,'vang-da-bao',1,'','','','',0,0,'2016-09-30 07:46:41','2016-10-03 08:59:58'),(44,NULL,1,'Xanh Xám Xà Cừ  ','Xanh Xam Xa Cu  ','','','2016/09/30/xa-cu-xam-xanh-1475221647.jpg','1.350.000 đ/m2',0,'xanh-xám-xa-cu',1,'','','','',0,0,'2016-09-30 07:48:57','2016-10-03 08:59:58'),(45,NULL,1,'Xám Bahia','Xam Bahia','','','2016/09/30/xanh-bahia-1475221818.jpg','1.500.000 đ/m2',0,'xam-bahia',1,'','','','',0,0,'2016-09-30 07:50:25','2016-10-03 08:59:58'),(46,NULL,1,'Xanh Brazil','Xanh Brazil','','','2016/09/30/xanh-brazil-1475221862.jpg','1.000.000 đ/m2',0,'xanh-brazil',1,'','','','',0,0,'2016-09-30 07:51:10','2016-10-03 08:59:58'),(47,NULL,1,'Xanh Bướm Brazil','Xanh Buom Brazil','','','2016/09/30/xanh-buom-brazil-1475221907.jpg','1.550.000 đ/m2',0,'xanh-buom-brazil',1,'','','','',0,0,'2016-09-30 07:52:04','2016-10-03 08:59:58'),(48,NULL,3,'AspenFiesta','AspenFiesta','','','2016/09/30/aspenfiesta1-1475226799.jpg','0 đ/m2',0,'aspenfiesta',1,'','','','',0,0,'2016-09-30 09:14:21','2016-10-03 08:59:58'),(49,NULL,3,'AspenLava','AspenLava','','','2016/09/30/aspenlava2-1475226888.jpg','0 đ/m2',0,'aspenlava',1,'','','','',0,0,'2016-09-30 09:15:00','2016-10-03 08:59:58'),(50,NULL,3,'BeigeTomado','BeigeTomado','','','2016/09/30/beigetomado12-1475226950.jpg','0 đ/m2',0,'beigetomado',1,'','','','',0,0,'2016-09-30 09:15:52','2016-10-03 08:59:58'),(51,NULL,3,'Cafe_Comet','Cafe_Comet','','','2016/09/30/cafe-comet13-1475226996.jpg','0 đ/m2',0,'cafe-comet',1,'','','','',0,0,'2016-09-30 09:16:39','2016-10-03 08:59:58'),(52,NULL,3,'IvoryComet','IvoryComet','','','2016/09/30/ivorycomet11-1475227027.jpg','0 đ/m2',0,'ivorycomet',1,'','','','',0,0,'2016-09-30 09:17:13','2016-10-03 08:59:58'),(53,NULL,3,'Metallic_Cosmos','Metallic_Cosmos','','','2016/09/30/metallic-cosmos3-1475227363.jpg','0 đ/m2',0,'metallic-cosmos',1,'','','','',0,0,'2016-09-30 09:22:52','2016-10-03 08:59:58'),(54,NULL,3,'Metallic_Satingold','Metallic_Satingold','','','2016/09/30/metallic-satingold5-1475227407.jpg','0 đ/m2',0,'metallic-satingold',1,'','','','',0,0,'2016-09-30 09:23:31','2016-10-03 08:59:58'),(55,NULL,3,'MetallicBeach','MetallicBeach','','','2016/09/30/metallicbeach3-1475227491.jpg','0 đ/m2',0,'metallicbeach',1,'','','','',0,0,'2016-09-30 09:25:00','2016-10-03 08:59:58'),(56,NULL,4,'Đá Onice Opium','Da Onice Opium','Spain','','2016/10/03/onice-opium-1475467956.jpg','4.200.000 đ/m2',0,'da-onice-opium',1,'','','','',0,0,'2016-10-03 04:13:52','2016-10-03 08:59:58'),(57,NULL,4,' ĐÁ Azul Pearl',' DA Azul Pearl','Brazil','','2016/10/03/azul-pearl-1475468162.jpg','3.800.000 đ/m2',0,'da-azul-pearl',1,'','','','',0,0,'2016-10-03 04:17:15','2016-10-03 08:59:58'),(58,NULL,4,'ĐÁ Onice Venato','DA Onice Venato','Pakistan','','2016/10/03/onice-venato-1475468248.jpg','3.800.000 đ/m2',0,'da-onice-venato',1,'','','','',0,0,'2016-10-03 04:18:13','2016-10-03 08:59:58'),(59,NULL,4,'ĐÁ Onix','DA Onix','Pakistan','','2016/10/03/onix-1475468304.jpg','2.100.000 đ/m2',0,'da-onix',1,'','','','',0,0,'2016-10-03 04:22:04','2016-10-03 08:59:58'),(60,NULL,4,'ĐÁ Oyster Blue','DA Oyster Blue',' Madagasca','','2016/10/03/oyster-blue-1475468532.jpg','3.500.000 đ/m2',0,'da-oyster-blue',1,'','','','',0,0,'2016-10-03 04:23:03','2016-10-03 08:59:58'),(61,NULL,5,'MẪU CỘT 01','MAU COT 01','','','2016/10/03/1-1475480969.jpg','0 đ/m2',0,'mau-cot-01',1,'','','','',0,0,'2016-10-03 07:51:25','2016-10-03 08:59:58'),(62,NULL,5,'MẪU CỘT 02','MAU COT 02','','','2016/10/03/2-1475481114.jpg','0 đ/m2',0,'mau-cot-02',1,'','','','',0,0,'2016-10-03 07:52:03','2016-10-03 08:59:58'),(63,NULL,5,'MẪU CỘT 03','MAU COT 03','','','2016/10/03/3-1475481152.jpg','0 đ/m2',0,'mau-cot-03',1,'','','','',0,0,'2016-10-03 07:52:34','2016-10-03 08:59:58'),(64,NULL,5,'MẪU CỘT 04','MAU COT 04','','','2016/10/03/4-1475481173.jpg','0 đ/m2',0,'mau-cot-04',1,'','','','',0,0,'2016-10-03 07:52:57','2016-10-03 08:59:58'),(65,'',6,'CHI PHÀO 01','CHI PHAO 01','','','2016/10/03/cp1-1475482013.jpg','0 đ/md',0,'chi-phao-01',1,'','','','',0,0,'2016-10-03 08:06:56','2016-10-04 12:19:21'),(66,'',6,'CHỈ PHÀO 02','CHI PHAO 02','','','2016/10/03/cp2-1475482033.jpg','0 đ/md',0,'chi-phao-02',1,'','','','',0,0,'2016-10-03 08:07:17','2016-10-04 12:19:12'),(67,'',6,'CHỈ PHÀO 03','CHI PHAO 03','','','2016/10/03/cp3-1475482061.jpg','0 đ/md',0,'chi-phao-03',1,'','','','',0,0,'2016-10-03 08:07:44','2016-10-04 12:19:04'),(68,'',6,'CHỈ PHÀO 04','CHI PHAO 04','','','2016/10/03/cp4-1475482085.jpg','0 đ/md',0,'chi-phao-04',1,'','','','',0,0,'2016-10-03 08:08:08','2016-10-04 12:18:56'),(69,NULL,7,'HOA VĂN 01','HOA VAN 01','','','2016/10/03/hv01-1475482782.jpg','0 đ/m2',0,'hoa-van-01',1,'','','','',0,0,'2016-10-03 08:19:46','2016-10-03 08:59:58'),(70,NULL,7,'HOA VĂN 02','HOA VAN 02','','','2016/10/03/hv02-1475482802.jpg','0 đ/m2',0,'hoa-van-02',1,'','','','',0,0,'2016-10-03 08:20:06','2016-10-03 08:59:58'),(71,NULL,7,'HOA VĂN 03','HOA VAN 03','','','2016/10/03/hv03-1475482823.jpg','0 đ/m2',0,'hoa-van-03',1,'','','','',0,0,'2016-10-03 08:20:25','2016-10-03 08:59:58'),(72,NULL,7,'HOA VĂN 04','HOA VAN 04','','','2016/10/03/hv04-1475482842.jpg','0 đ/m2',0,'hoa-van-04',1,'','','','',0,0,'2016-10-03 08:20:44','2016-10-03 08:59:58'),(73,NULL,7,'HOA VĂN 05','HOA VAN 05','','','2016/10/03/hv05-1475482860.jpg','0 đ/m2',0,'hoa-van-05',1,'','','','',0,0,'2016-10-03 08:21:02','2016-10-03 08:59:58'),(74,NULL,7,'HOA VĂN 06','HOA VAN 06','','','2016/10/03/hv06-1475482882.jpg','0 đ/m2',0,'hoa-van-06',1,'','','','',0,0,'2016-10-03 08:21:26','2016-10-03 08:59:58'),(75,NULL,7,'HOA VĂN 07','HOA VAN 07','','','2016/10/03/hv07-1475482902.jpg','0 đ/m2',0,'hoa-van-07',1,'','','','',0,0,'2016-10-03 08:21:44','2016-10-03 08:59:58'),(76,'HOAVAN08',7,'HOA VĂN 08','HOA VAN 08','','','2016/10/03/hv08-1475482918.jpg','0 đ/m2',0,'hoa-van-08',1,'','','','',0,0,'2016-10-03 08:22:01','2016-10-04 12:18:40');
/*!40000 ALTER TABLE `product` ENABLE KEYS */;
UNLOCK TABLES;

--
-- Table structure for table `product_`
--

DROP TABLE IF EXISTS `product_`;
/*!40101 SET @saved_cs_client     = @@character_set_client */;
/*!40101 SET character_set_client = utf8 */;
CREATE TABLE `product_` (
  `id` int(11) NOT NULL AUTO_INCREMENT,
  `cate_id` tinyint(4) NOT NULL,
  `name` varchar(255) NOT NULL,
  `alias` varchar(255) NOT NULL,
  `description` varchar(500) DEFAULT NULL,
  `content` text,
  `image_url` varchar(255) NOT NULL,
  `price` varchar(50) NOT NULL,
  `is_hot` tinyint(1) NOT NULL DEFAULT '0',
  `slug` varchar(255) NOT NULL,
  `status` tinyint(1) NOT NULL DEFAULT '1',
  `meta_title` varchar(255) DEFAULT NULL,
  `meta_description` varchar(255) DEFAULT NULL,
  `meta_keywords` varchar(255) DEFAULT NULL,
  `custom_text` text,
  `created_user` tinyint(4) NOT NULL,
  `updated_user` tinyint(4) NOT NULL,
  `created_at` datetime NOT NULL,
  `updated_at` datetime NOT NULL,
  PRIMARY KEY (`id`)
) ENGINE=InnoDB AUTO_INCREMENT=77 DEFAULT CHARSET=utf8 ROW_FORMAT=COMPACT;
/*!40101 SET character_set_client = @saved_cs_client */;

--
-- Dumping data for table `product_`
--

LOCK TABLES `product_` WRITE;
/*!40000 ALTER TABLE `product_` DISABLE KEYS */;
INSERT INTO `product_` VALUES (3,1,'Đen Kim Sa Trung','Den Kim Sa Trung','','<table border=\"1\">\r\n	<tbody>\r\n		<tr>\r\n			<td><strong>Loại</strong></td>\r\n			<td>Granite</td>\r\n		</tr>\r\n		<tr>\r\n			<td><strong>M&agrave;u</strong></td>\r\n			<td>Đen</td>\r\n		</tr>\r\n		<tr>\r\n			<td><strong>D&agrave;y</strong></td>\r\n			<td>18 &ndash; 20 mm</td>\r\n		</tr>\r\n		<tr>\r\n			<td><strong>Xuất xứ</strong></td>\r\n			<td>Ấn Độ</td>\r\n		</tr>\r\n		<tr>\r\n			<td><strong>K&iacute;ch thước</strong></td>\r\n			<td>Gi&aacute; &aacute;p dụng cho khổ &lt; 60 cm</td>\r\n		</tr>\r\n		<tr>\r\n			<td><strong>C&ocirc;ng tr&igrave;nh</strong></td>\r\n			<td>Mặt tiền, Lavabo, B&agrave;n bếp</td>\r\n		</tr>\r\n		<tr>\r\n			<td><strong>Vận chuyển</strong></td>\r\n			<td>Miễn ph&iacute; trừ c&ocirc;ng tr&igrave;nh bếp &lt; 5 m d&agrave;i</td>\r\n		</tr>\r\n		<tr>\r\n			<td><strong>Bảo h&agrave;nh</strong></td>\r\n			<td>Bảo h&agrave;nh độ b&oacute;ng 12 th&aacute;ng</td>\r\n		</tr>\r\n	</tbody>\r\n</table>\r\n','2016/09/22/den-kim-sa-trung-1474539323.jpg','950000 đ/m2',0,'den-kim-sa-trung',1,'','','','',0,0,'2016-09-21 12:37:25','2016-10-03 08:57:29'),(4,1,'Đen Kim Sa Bắp','Den Kim Sa Bap','','<table border=\"1\">\r\n	<tbody>\r\n		<tr>\r\n			<td><strong>Loại</strong></td>\r\n			<td>Granite</td>\r\n		</tr>\r\n		<tr>\r\n			<td><strong>M&agrave;u</strong></td>\r\n			<td>Đen</td>\r\n		</tr>\r\n		<tr>\r\n			<td><strong>D&agrave;y</strong></td>\r\n			<td>18 &ndash; 20 mm</td>\r\n		</tr>\r\n		<tr>\r\n			<td><strong>Xuất xứ</strong></td>\r\n			<td>Ấn Độ</td>\r\n		</tr>\r\n		<tr>\r\n			<td><strong>K&iacute;ch thước</strong></td>\r\n			<td>Gi&aacute; &aacute;p dụng cho khổ &lt; 60 cm</td>\r\n		</tr>\r\n		<tr>\r\n			<td><strong>C&ocirc;ng tr&igrave;nh</strong></td>\r\n			<td>Mặt tiền, Lavabo, B&agrave;n bếp</td>\r\n		</tr>\r\n		<tr>\r\n			<td><strong>Vận chuyển</strong></td>\r\n			<td>Miễn ph&iacute; trừ c&ocirc;ng tr&igrave;nh bếp &lt; 5 m d&agrave;i</td>\r\n		</tr>\r\n		<tr>\r\n			<td><strong>Bảo h&agrave;nh</strong></td>\r\n			<td>Bảo h&agrave;nh độ b&oacute;ng 12 th&aacute;ng</td>\r\n		</tr>\r\n	</tbody>\r\n</table>\r\n','2016/09/22/kim-sa-bap-1474539920.jpg','1400000 đ/m2',0,'den-kim-sa-bap',1,'','','','',0,0,'2016-09-22 10:25:29','2016-10-03 08:57:29'),(5,1,'Đen Phú Yên','Den Phu Yen','','<table border=\"1\">\r\n	<tbody>\r\n		<tr>\r\n			<td><strong>Loại</strong></td>\r\n			<td>Granite</td>\r\n		</tr>\r\n		<tr>\r\n			<td><strong>M&agrave;u</strong></td>\r\n			<td>Đen</td>\r\n		</tr>\r\n		<tr>\r\n			<td><strong>D&agrave;y</strong></td>\r\n			<td>18 &ndash; 20 mm</td>\r\n		</tr>\r\n		<tr>\r\n			<td><strong>Xuất xứ</strong></td>\r\n			<td>Ph&uacute; Y&ecirc;n</td>\r\n		</tr>\r\n		<tr>\r\n			<td><strong>K&iacute;ch thước</strong></td>\r\n			<td>Gi&aacute; &aacute;p dụng cho khổ &lt; 60 cm</td>\r\n		</tr>\r\n		<tr>\r\n			<td><strong>C&ocirc;ng tr&igrave;nh</strong></td>\r\n			<td>Mặt tiền, Lavabo, B&agrave;n bếp</td>\r\n		</tr>\r\n		<tr>\r\n			<td><strong>Vận chuyển</strong></td>\r\n			<td>Miễn ph&iacute; trừ c&ocirc;ng tr&igrave;nh bếp &lt; 5 m d&agrave;i</td>\r\n		</tr>\r\n		<tr>\r\n			<td><strong>Bảo h&agrave;nh</strong></td>\r\n			<td>Bảo h&agrave;nh độ b&oacute;ng 12 th&aacute;ng</td>\r\n		</tr>\r\n	</tbody>\r\n</table>\r\n','2016/09/22/den-phu-yen1-1474540986.jpg','900000 đ/m2',0,'den-phu-yen',1,'','','','',0,0,'2016-09-22 10:43:41','2016-10-03 08:57:29'),(6,2,'Đá Trắng Volokas','Da Trang Volokas','','','2016/09/24/trang-volokas1-1474703047.jpg','1100000 đ/m2',0,'da-trang-volokas',1,'','','','',0,0,'2016-09-24 07:44:23','2016-10-03 08:57:29'),(7,2,'Đá Nâu Tây Ban Nha','Da Nau Tay Ban Nha','','','2016/09/24/nau-tay-ban-nha1-1474703240.jpg','950000 đ/m2',0,'da-nau-tay-ban-nha',1,'','','','',0,0,'2016-09-24 07:47:25','2016-10-03 08:57:29'),(8,2,'Đá Vàng Thạch Anh','Da Vang Thach Anh','','','2016/09/24/da-vang-thach-anh-1474703416.jpg','480000 đ/m2',0,'da-vang-thach-anh',1,'','','','',0,0,'2016-09-24 07:50:23','2016-10-03 08:57:29'),(9,2,'Đá Kem Rosalya','Da Kem Rosalya','','','2016/09/24/da-kem-rosalya-1474703578.jpg','950000 đ/m2',0,'da-kem-rosalya',1,'','','','',0,0,'2016-09-24 07:53:04','2016-10-03 08:57:29'),(10,2,'Đá Empelado','Da Empelado','','','2016/09/24/da-dac-empelado1-1474703763.jpg','900000 đ/m2',0,'da-empelado',1,'','','','',0,0,'2016-09-24 07:56:07','2016-10-03 08:57:29'),(11,2,'Đá Tranh Sơn Thuỷ A','Da Tranh Son Thuy A','','','2016/09/24/trang-son-thuy-1474704962.jpg','2200000 đ/m2',0,'da-tranh-son-thuy',1,'','','','',0,0,'2016-09-24 08:16:06','2016-10-03 08:57:29'),(12,2,'Đá Red Rosa A','Da Red Rosa A','','','2016/09/24/da-red-1474705121.jpg','750000 đ/m2',0,'da-red-rosa-a',1,'','','','',0,0,'2016-09-24 08:18:45','2016-10-03 08:57:29'),(13,2,'Đá Đen Tia Chớp Vân Nhỏ','Da Den Tia Chop Van Nho','','','2016/09/24/da-den-tia-chop-van-nho-1474705570.jpg','890000 đ/m2',0,'da-den-tia-chop-van-nho',1,'','','','',0,0,'2016-09-24 08:26:14','2016-10-03 08:57:29'),(14,2,'Đá  Light Emperador','Da  Light Emperador','','','2016/09/24/da-light-emperador-1474705873.jpg','950000 đ/m2',0,'da-light-emperador',1,'','','','',0,0,'2016-09-24 08:31:22','2016-10-03 08:57:29'),(15,1,'Đá Đen Lông Chuột','Da Den Long Chuot','','','2016/09/30/den-long-chuot-1475215851.jpg','750000 đ/m2',0,'da-den-long-chuot',1,'','','','',0,0,'2016-09-30 06:11:07','2016-10-03 08:57:29'),(16,1,'Đen Huế','Den Hue','','','2016/09/30/den-hue1-1475215909.jpg','850000 đ/m2',0,'den-hue',1,'','','','',0,0,'2016-09-30 06:11:53','2016-10-03 08:57:29'),(17,1,'Đen Campuchia','Den Campuchia','','','2016/09/30/den-campuchia-1475215987.jpg','870000 đ/m2',0,'den-campuchia',1,'','','','',0,0,'2016-09-30 06:13:16','2016-10-03 08:57:29'),(18,1,'Đen Ấn Độ','Den An Do','','','2016/09/30/den-an-do-1475216052.jpg','1250000 đ/m2',0,'den-an-do',1,'','','','',0,0,'2016-09-30 06:14:27','2016-10-03 08:57:29'),(19,1,'Trắng Suối Lau','Trang Suoi Lau','','','2016/09/30/trang-suoi-lau-1475216174.jpg','600000 đ/m2',0,'trang-suoi-lau',1,'','','','',0,0,'2016-09-30 06:16:17','2016-10-03 08:57:29'),(20,1,'Trắng Bình Định','Trang Binh Dinh','','','2016/09/30/trang-binh-dinh-1475216241.jpg','750000 đ/m2',0,'trang-binh-dinh',1,'','','','',0,0,'2016-09-30 06:17:24','2016-10-03 08:57:29'),(21,1,'Đen Bazan','Den Bazan','','','2016/09/30/den-bazan1-1475218012.jpg','750000 đ/m2',0,'den-bazan',1,'','','','',0,0,'2016-09-30 06:46:57','2016-10-03 08:57:29'),(22,1,'Đỏ Ấn Độ','Do An Do','','','2016/09/30/do-an-do2-1475218062.jpg','1350000 đ/m2',0,'do-an-do',1,'','','','',0,0,'2016-09-30 06:47:45','2016-10-03 08:57:29'),(23,1,'Đỏ Anh Quốc','Do Anh Quoc','','','2016/09/30/do-anh-quoc3-1475218082.jpg','850000 đ/m2',0,'do-anh-quoc',1,'','','','',0,0,'2016-09-30 06:48:17','2016-10-03 08:57:29'),(24,1,'Đỏ Bình Định','Do Binh Dinh','','','2016/09/30/do-binh-dinh4-1475218149.jpg','750000 đ/m2',0,'do-binh-dinh',1,'','','','',0,0,'2016-09-30 06:49:12','2016-10-03 08:57:29'),(25,1,'Đỏ Japan','Do Japan','','','2016/09/30/do-japan5-1475218206.jpg','700000 đ/m2',0,'do-japan',1,'','','','',0,0,'2016-09-30 06:50:15','2016-10-03 08:57:29'),(26,1,'Đỏ Phần Lan','Do Phan Lan','','','2016/09/30/do-phan-lan-1475218249.jpg','900000 đ/m2',0,'do-phan-lan',1,'','','','',0,0,'2016-09-30 06:51:06','2016-10-03 08:57:29'),(27,1,'Đỏ Ruby','Do Ruby','','','2016/09/30/do-ruby7-1475218774.jpg','1350000 đ/m2',0,'do-ruby',1,'','','','',0,0,'2016-09-30 06:59:45','2016-10-03 08:57:29'),(28,1,'Đỏ Sa Mạc','Do Sa Mac','','','2016/09/30/do-sa-mac8-1475218810.jpg','1400000 đ/m2',0,'do-sa-mac',1,'','','','',0,0,'2016-09-30 07:00:21','2016-10-03 08:57:29'),(29,1,'Hồng Bình Định','Hong Binh Dinh','','','2016/09/30/hong-binh-dinh9-1475218846.jpg','650000 đ/m2',0,'hong-binh-dinh',1,'','','','',0,0,'2016-09-30 07:01:12','2016-10-03 08:57:29'),(30,1,'Hồng Gia Lai','Hong Gia Lai','','','2016/09/30/hong-gia-la10i-1475218895.jpg','550000 đ/m2',0,'hong-gia-lai',1,'','','','',0,0,'2016-09-30 07:01:47','2016-10-03 08:57:29'),(31,1,'Nâu Anh Quốc','Nau Anh Quoc','','','2016/09/30/nau-anh-quoc11-1475218934.jpg','850000 đ/m2',0,'nau-anh-quoc',1,'','','','',0,0,'2016-09-30 07:03:19','2016-10-03 08:57:29'),(32,1,'Nâu Phần Lan','Nau Phan Lan','','','2016/09/30/nau-phan-lan1-1475219819.jpg','950000 đ/m2',0,'nau-phan-lan',1,'','','','',0,0,'2016-09-30 07:17:14','2016-10-03 08:57:29'),(33,1,'Tím Hoa Cà','Tim Hoa Ca','','','2016/09/30/tim-hoa-ca2-1475219860.jpg','550000 đ/m2',0,'tim-hoa-ca',1,'','','','',0,0,'2016-09-30 07:17:56','2016-10-03 08:57:29'),(34,1,'Tím Khách Hoà','Tim Khach Hoa','','','2016/09/30/tim-khanh-hoa3-1475219897.jpg','650000 đ/m2',0,'tim-khach-hoa',1,'','','','',0,0,'2016-09-30 07:18:32','2016-10-03 08:57:29'),(35,1,'Tím Mông Cổ','Tim Mong Co','','','2016/09/30/tim-mong-co4-1475219932.jpg','450000 đ/m2',0,'tim-mong-co',1,'','','','',0,0,'2016-09-30 07:19:06','2016-10-03 08:57:29'),(36,1,'Tím Sa Mạc','Tim Sa Mac','','','2016/09/30/tim-sa-mac5-1475219973.jpg','1350000 đ/m2',0,'tim-sa-mac',1,'','','','',0,0,'2016-09-30 07:19:47','2016-10-03 08:57:29'),(37,1,'Trắng Phan Rang','Trang Phan Rang','','','2016/09/30/trang-phan-rang6-1475220019.jpg','800000 đ/m2',0,'trang-phan-rang',1,'','','','',0,0,'2016-09-30 07:20:37','2016-10-03 08:57:29'),(38,1,'Trắng Sa Mạc','Trang Sa Mac','','','2016/09/30/trang-sa-mac-1475220063.jpg','1300000 đ/m2',0,'trang-sa-mac',1,'','','','',0,0,'2016-09-30 07:21:17','2016-10-03 08:57:29'),(39,1,'Trắng Xà Cừ','Trang Xa Cu','','','2016/09/30/trang-xa-cu8-1475220107.jpg','1250000 đ/m2',0,'trang-xa-cu',1,'','','','',0,0,'2016-09-30 07:22:00','2016-10-03 08:57:29'),(40,1,'Vàng Bình Định','Vang Binh Dinh','','','2016/09/30/vang-binh-dinh-1475220148.jpg','850000 đ/m2',0,'vang-binh-dinh',1,'','','','',0,0,'2016-09-30 07:22:42','2016-10-03 08:57:29'),(41,1,'Vàng Brazil','Vang Brazil','','','2016/09/30/vang-brazin-1475220285.jpg','1500000 đ/m2',0,'vang-brazil',1,'','','','',0,0,'2016-09-30 07:25:05','2016-10-03 08:57:29'),(42,1,'Vàng Bướm Brazil','Vang Buom Brazil','','','2016/09/30/vang-buom-brazil-1475221525.jpg','1500000 đ/m2',0,'vang-buom-brazil',1,'','','','',0,0,'2016-09-30 07:46:00','2016-10-03 08:57:29'),(43,1,'Vàng Da Báo','Vang Da Bao','','','2016/09/30/vang-da-bao-1475221591.jpg','1650000 đ/m2',0,'vang-da-bao',1,'','','','',0,0,'2016-09-30 07:46:41','2016-10-03 08:57:29'),(44,1,'Xanh Xám Xà Cừ  ','Xanh Xam Xa Cu  ','','','2016/09/30/xa-cu-xam-xanh-1475221647.jpg','1350000 đ/m2',0,'xanh-xám-xa-cu',1,'','','','',0,0,'2016-09-30 07:48:57','2016-10-03 08:57:29'),(45,1,'Xám Bahia','Xam Bahia','','','2016/09/30/xanh-bahia-1475221818.jpg','1500000 đ/m2',0,'xam-bahia',1,'','','','',0,0,'2016-09-30 07:50:25','2016-10-03 08:57:29'),(46,1,'Xanh Brazil','Xanh Brazil','','','2016/09/30/xanh-brazil-1475221862.jpg','1000000 đ/m2',0,'xanh-brazil',1,'','','','',0,0,'2016-09-30 07:51:10','2016-10-03 08:57:29'),(47,1,'Xanh Bướm Brazil','Xanh Buom Brazil','','','2016/09/30/xanh-buom-brazil-1475221907.jpg','1550000 đ/m2',0,'xanh-buom-brazil',1,'','','','',0,0,'2016-09-30 07:52:04','2016-10-03 08:57:29'),(48,3,'AspenFiesta','AspenFiesta','','','2016/09/30/aspenfiesta1-1475226799.jpg','0 đ/m2',0,'aspenfiesta',1,'','','','',0,0,'2016-09-30 09:14:21','2016-10-03 08:57:29'),(49,3,'AspenLava','AspenLava','','','2016/09/30/aspenlava2-1475226888.jpg','0 đ/m2',0,'aspenlava',1,'','','','',0,0,'2016-09-30 09:15:00','2016-10-03 08:57:29'),(50,3,'BeigeTomado','BeigeTomado','','','2016/09/30/beigetomado12-1475226950.jpg','0 đ/m2',0,'beigetomado',1,'','','','',0,0,'2016-09-30 09:15:52','2016-10-03 08:57:29'),(51,3,'Cafe_Comet','Cafe_Comet','','','2016/09/30/cafe-comet13-1475226996.jpg','0 đ/m2',0,'cafe-comet',1,'','','','',0,0,'2016-09-30 09:16:39','2016-10-03 08:57:29'),(52,3,'IvoryComet','IvoryComet','','','2016/09/30/ivorycomet11-1475227027.jpg','0 đ/m2',0,'ivorycomet',1,'','','','',0,0,'2016-09-30 09:17:13','2016-10-03 08:57:29'),(53,3,'Metallic_Cosmos','Metallic_Cosmos','','','2016/09/30/metallic-cosmos3-1475227363.jpg','0 đ/m2',0,'metallic-cosmos',1,'','','','',0,0,'2016-09-30 09:22:52','2016-10-03 08:57:29'),(54,3,'Metallic_Satingold','Metallic_Satingold','','','2016/09/30/metallic-satingold5-1475227407.jpg','0 đ/m2',0,'metallic-satingold',1,'','','','',0,0,'2016-09-30 09:23:31','2016-10-03 08:57:29'),(55,3,'MetallicBeach','MetallicBeach','','','2016/09/30/metallicbeach3-1475227491.jpg','0 đ/m2',0,'metallicbeach',1,'','','','',0,0,'2016-09-30 09:25:00','2016-10-03 08:57:29'),(56,4,'Đá Onice Opium','Da Onice Opium','Spain','','2016/10/03/onice-opium-1475467956.jpg','4200000 đ/m2',0,'da-onice-opium',1,'','','','',0,0,'2016-10-03 04:13:52','2016-10-03 08:57:29'),(57,4,' ĐÁ Azul Pearl',' DA Azul Pearl','Brazil','','2016/10/03/azul-pearl-1475468162.jpg','3800000 đ/m2',0,'da-azul-pearl',1,'','','','',0,0,'2016-10-03 04:17:15','2016-10-03 08:57:29'),(58,4,'ĐÁ Onice Venato','DA Onice Venato','Pakistan','','2016/10/03/onice-venato-1475468248.jpg','3800000 đ/m2',0,'da-onice-venato',1,'','','','',0,0,'2016-10-03 04:18:13','2016-10-03 08:57:29'),(59,4,'ĐÁ Onix','DA Onix','Pakistan','','2016/10/03/onix-1475468304.jpg','2100000 đ/m2',0,'da-onix',1,'','','','',0,0,'2016-10-03 04:22:04','2016-10-03 08:57:29'),(60,4,'ĐÁ Oyster Blue','DA Oyster Blue',' Madagasca','','2016/10/03/oyster-blue-1475468532.jpg','3500000 đ/m2',0,'da-oyster-blue',1,'','','','',0,0,'2016-10-03 04:23:03','2016-10-03 08:57:29'),(61,5,'MẪU CỘT 01','MAU COT 01','','','2016/10/03/1-1475480969.jpg','0 đ/m2',0,'mau-cot-01',1,'','','','',0,0,'2016-10-03 07:51:25','2016-10-03 08:57:29'),(62,5,'MẪU CỘT 02','MAU COT 02','','','2016/10/03/2-1475481114.jpg','0 đ/m2',0,'mau-cot-02',1,'','','','',0,0,'2016-10-03 07:52:03','2016-10-03 08:57:29'),(63,5,'MẪU CỘT 03','MAU COT 03','','','2016/10/03/3-1475481152.jpg','0 đ/m2',0,'mau-cot-03',1,'','','','',0,0,'2016-10-03 07:52:34','2016-10-03 08:57:29'),(64,5,'MẪU CỘT 04','MAU COT 04','','','2016/10/03/4-1475481173.jpg','0 đ/m2',0,'mau-cot-04',1,'','','','',0,0,'2016-10-03 07:52:57','2016-10-03 08:57:29'),(65,6,'CHI PHÀO 01','CHI PHAO 01','','','2016/10/03/cp1-1475482013.jpg','0 đ/m2',0,'chi-phao-01',1,'','','','',0,0,'2016-10-03 08:06:56','2016-10-03 08:57:29'),(66,6,'CHỈ PHÀO 02','CHI PHAO 02','','','2016/10/03/cp2-1475482033.jpg','0 đ/m2',0,'chi-phao-02',1,'','','','',0,0,'2016-10-03 08:07:17','2016-10-03 08:57:29'),(67,6,'CHỈ PHÀO 03','CHI PHAO 03','','','2016/10/03/cp3-1475482061.jpg','0 đ/m2',0,'chi-phao-03',1,'','','','',0,0,'2016-10-03 08:07:44','2016-10-03 08:57:29'),(68,6,'CHỈ PHÀO 04','CHI PHAO 04','','','2016/10/03/cp4-1475482085.jpg','0 đ/m2',0,'chi-phao-04',1,'','','','',0,0,'2016-10-03 08:08:08','2016-10-03 08:57:29'),(69,7,'HOA VĂN 01','HOA VAN 01','','','2016/10/03/hv01-1475482782.jpg','0 đ/m2',0,'hoa-van-01',1,'','','','',0,0,'2016-10-03 08:19:46','2016-10-03 08:57:29'),(70,7,'HOA VĂN 02','HOA VAN 02','','','2016/10/03/hv02-1475482802.jpg','0 đ/m2',0,'hoa-van-02',1,'','','','',0,0,'2016-10-03 08:20:06','2016-10-03 08:57:29'),(71,7,'HOA VĂN 03','HOA VAN 03','','','2016/10/03/hv03-1475482823.jpg','0 đ/m2',0,'hoa-van-03',1,'','','','',0,0,'2016-10-03 08:20:25','2016-10-03 08:57:29'),(72,7,'HOA VĂN 04','HOA VAN 04','','','2016/10/03/hv04-1475482842.jpg','0 đ/m2',0,'hoa-van-04',1,'','','','',0,0,'2016-10-03 08:20:44','2016-10-03 08:57:29'),(73,7,'HOA VĂN 05','HOA VAN 05','','','2016/10/03/hv05-1475482860.jpg','0 đ/m2',0,'hoa-van-05',1,'','','','',0,0,'2016-10-03 08:21:02','2016-10-03 08:57:29'),(74,7,'HOA VĂN 06','HOA VAN 06','','','2016/10/03/hv06-1475482882.jpg','0 đ/m2',0,'hoa-van-06',1,'','','','',0,0,'2016-10-03 08:21:26','2016-10-03 08:57:29'),(75,7,'HOA VĂN 07','HOA VAN 07','','','2016/10/03/hv07-1475482902.jpg','0 đ/m2',0,'hoa-van-07',1,'','','','',0,0,'2016-10-03 08:21:44','2016-10-03 08:57:29'),(76,7,'HOA VĂN 08','HOA VAN 08','','','2016/10/03/hv08-1475482918.jpg','0 đ/m2',0,'hoa-van-08',1,'','','','',0,0,'2016-10-03 08:22:01','2016-10-03 08:57:29');
/*!40000 ALTER TABLE `product_` ENABLE KEYS */;
UNLOCK TABLES;

--
-- Table structure for table `settings`
--

DROP TABLE IF EXISTS `settings`;
/*!40101 SET @saved_cs_client     = @@character_set_client */;
/*!40101 SET character_set_client = utf8 */;
CREATE TABLE `settings` (
  `id` bigint(20) unsigned NOT NULL AUTO_INCREMENT,
  `name` varchar(255) NOT NULL DEFAULT '',
  `value` longtext NOT NULL,
  `updated_user` int(11) NOT NULL,
  `created_at` datetime NOT NULL,
  `updated_at` datetime NOT NULL,
  PRIMARY KEY (`id`),
  UNIQUE KEY `option_name` (`name`) USING BTREE
) ENGINE=InnoDB AUTO_INCREMENT=148 DEFAULT CHARSET=utf8;
/*!40101 SET character_set_client = @saved_cs_client */;

--
-- Dumping data for table `settings`
--

LOCK TABLES `settings` WRITE;
/*!40000 ALTER TABLE `settings` DISABLE KEYS */;
INSERT INTO `settings` VALUES (1,'base_url','http://nghien.biz',1,'2016-07-27 14:37:52','2016-07-27 14:37:52'),(2,'site_title','Đá hoa cương Hưng Thịnh',1,'2016-07-27 14:37:52','2016-09-28 11:54:20'),(3,'site_description','Đá hoa cương Hưng Thịnh',1,'2016-07-27 14:37:52','2016-09-28 11:54:20'),(4,'site_keywords','Đá hoa cương Hưng Thịnh',1,'2016-07-27 14:37:52','2016-09-28 11:54:20'),(5,'admin_email','nghien.biz@gmail.com',1,'2016-07-27 14:37:52','2016-07-27 14:37:52'),(22,'mail_server','mail.example.com',1,'2016-07-27 14:37:52','2016-07-27 14:37:52'),(23,'mail_login_name','login@example.com',1,'2016-07-27 14:37:52','2016-07-27 14:37:52'),(24,'mail_password','password',1,'2016-07-27 14:37:52','2016-07-27 14:37:52'),(105,'site_name','Đá hoa cương Hưng Thịnh',1,'2016-07-27 14:37:52','2016-09-28 11:54:20'),(113,'google_analystic','UA-78246182-1',1,'2016-07-27 14:37:52','2016-09-28 11:54:20'),(114,'facebook_appid','1704278759791793',1,'2016-07-27 14:37:52','2016-09-28 11:54:20'),(115,'google_fanpage','',1,'2016-07-27 14:37:52','2016-09-28 11:54:20'),(116,'facebook_fanpage','https://www.facebook.com/anhungthinhcompany',1,'2016-07-27 14:37:52','2016-09-28 11:54:20'),(117,'twitter_fanpage','',1,'2016-07-27 14:37:52','2016-09-28 11:54:20'),(130,'logo','2016/09/28/logo-dagranitvn-1475063305.png',1,'2016-07-27 14:37:52','2016-09-28 11:54:20'),(131,'favicon','2016/09/28/favicon-1475063602.png',1,'2016-07-27 14:37:52','2016-09-28 11:54:20'),(141,'banner','2016/09/28/banner-mobi-1475063656.jpg',1,'2016-07-27 14:37:52','2016-09-28 11:54:20'),(142,'custom_text','',1,'2016-07-27 14:37:52','2016-09-28 11:54:20'),(143,'ten_skype_1','Mr Tuấn',1,'2016-07-27 14:37:52','2016-07-27 14:37:52'),(144,'ten_skype_2','Mrs Trang',1,'2016-07-27 14:37:52','2016-07-27 14:37:52'),(145,'nick_skype_1','nick1',1,'2016-07-27 14:37:52','2016-07-27 14:37:52'),(146,'nick_skype_2','nick2',1,'2016-07-27 14:37:52','2016-07-27 14:37:52'),(147,'hot_line','093 857 8439',1,'2016-07-27 14:37:52','2016-07-27 14:37:52');
/*!40000 ALTER TABLE `settings` ENABLE KEYS */;
UNLOCK TABLES;

--
-- Table structure for table `tag`
--

DROP TABLE IF EXISTS `tag`;
/*!40101 SET @saved_cs_client     = @@character_set_client */;
/*!40101 SET character_set_client = utf8 */;
CREATE TABLE `tag` (
  `id` bigint(20) NOT NULL AUTO_INCREMENT,
  `meta_id` bigint(20) DEFAULT NULL,
  `slug` varchar(32) NOT NULL,
  `type` varchar(32) NOT NULL,
  `name` varchar(255) NOT NULL,
  `alias` varchar(255) DEFAULT NULL,
  `description` varchar(32) DEFAULT NULL,
  `created_user` tinyint(4) NOT NULL,
  `updated_user` tinyint(4) NOT NULL,
  `created_at` datetime NOT NULL,
  `updated_at` datetime NOT NULL,
  PRIMARY KEY (`id`)
) ENGINE=InnoDB DEFAULT CHARSET=utf8 ROW_FORMAT=COMPACT;
/*!40101 SET character_set_client = @saved_cs_client */;

--
-- Dumping data for table `tag`
--

LOCK TABLES `tag` WRITE;
/*!40000 ALTER TABLE `tag` DISABLE KEYS */;
/*!40000 ALTER TABLE `tag` ENABLE KEYS */;
UNLOCK TABLES;

--
-- Table structure for table `tag_objects`
--

DROP TABLE IF EXISTS `tag_objects`;
/*!40101 SET @saved_cs_client     = @@character_set_client */;
/*!40101 SET character_set_client = utf8 */;
CREATE TABLE `tag_objects` (
  `object_id` int(20) NOT NULL,
  `tag_id` int(20) NOT NULL,
  `type` tinyint(4) NOT NULL COMMENT '1 : film, 1 : tin tuc',
  PRIMARY KEY (`object_id`,`tag_id`,`type`)
) ENGINE=InnoDB DEFAULT CHARSET=utf8;
/*!40101 SET character_set_client = @saved_cs_client */;

--
-- Dumping data for table `tag_objects`
--

LOCK TABLES `tag_objects` WRITE;
/*!40000 ALTER TABLE `tag_objects` DISABLE KEYS */;
/*!40000 ALTER TABLE `tag_objects` ENABLE KEYS */;
UNLOCK TABLES;

--
-- Table structure for table `users`
--

DROP TABLE IF EXISTS `users`;
/*!40101 SET @saved_cs_client     = @@character_set_client */;
/*!40101 SET character_set_client = utf8 */;
CREATE TABLE `users` (
  `id` int(11) NOT NULL AUTO_INCREMENT,
  `full_name` varchar(255) NOT NULL,
  `email` varchar(255) NOT NULL,
  `password` varchar(255) NOT NULL,
  `role` tinyint(1) NOT NULL,
  `status` tinyint(1) NOT NULL DEFAULT '1',
  `changed_password` tinyint(1) NOT NULL DEFAULT '0',
  `remember_token` varchar(255) NOT NULL,
  `created_user` int(11) NOT NULL,
  `updated_user` int(11) NOT NULL,
  `created_at` datetime NOT NULL,
  `updated_at` datetime NOT NULL,
  PRIMARY KEY (`id`)
) ENGINE=InnoDB AUTO_INCREMENT=7 DEFAULT CHARSET=utf8;
/*!40101 SET character_set_client = @saved_cs_client */;

--
-- Dumping data for table `users`
--

LOCK TABLES `users` WRITE;
/*!40000 ALTER TABLE `users` DISABLE KEYS */;
INSERT INTO `users` VALUES (1,'Super Admin','admin@dagranit.vn','$2y$10$BQWISt5.Vn.9kyR2/0c/COCGACNL6zbCzhpTWZwFP.k/RXRxy2IKS',3,1,0,'dMhrijH9Fl29Nw5yFRHtDZA0RnDdlScUfRGTARE7dq2gJCH157hCOwrsekMV',1,1,'2016-08-27 05:26:18','2016-09-20 11:07:19'),(6,'Hoang Nguyen','hoangnhpublic@gmail.com','$2y$10$8sMegaFE.07wPr6S74IhUe1a61CdrWjOOLEmFXvx2ATe/gVekhkEq',1,2,0,'',1,1,'2016-08-27 05:26:18','2016-08-27 13:54:32');
/*!40000 ALTER TABLE `users` ENABLE KEYS */;
UNLOCK TABLES;

--
-- Table structure for table `video`
--

DROP TABLE IF EXISTS `video`;
/*!40101 SET @saved_cs_client     = @@character_set_client */;
/*!40101 SET character_set_client = utf8 */;
CREATE TABLE `video` (
  `id` int(11) NOT NULL AUTO_INCREMENT,
  `name` varchar(255) NOT NULL,
  `youtube_url` varchar(255) NOT NULL,
  `created_at` datetime NOT NULL,
  `updated_at` datetime NOT NULL,
  PRIMARY KEY (`id`)
) ENGINE=InnoDB AUTO_INCREMENT=3 DEFAULT CHARSET=utf8;
/*!40101 SET character_set_client = @saved_cs_client */;

--
-- Dumping data for table `video`
--

LOCK TABLES `video` WRITE;
/*!40000 ALTER TABLE `video` DISABLE KEYS */;
INSERT INTO `video` VALUES (1,'Cắt đá hoa cương','https://www.youtube.com/watch?v=LCVs_ov7yFA','2016-09-20 09:19:31','2016-09-20 09:19:31'),(2,'Đá hoa cương ốp cầu thang','https://www.youtube.com/watch?v=IT4y2Gni8bQ','2016-09-20 09:19:52','2016-09-20 09:19:52');
/*!40000 ALTER TABLE `video` ENABLE KEYS */;
UNLOCK TABLES;

--
-- Table structure for table `y_kien`
--

DROP TABLE IF EXISTS `y_kien`;
/*!40101 SET @saved_cs_client     = @@character_set_client */;
/*!40101 SET character_set_client = utf8 */;
CREATE TABLE `y_kien` (
  `id` int(11) NOT NULL AUTO_INCREMENT,
  `display_order` int(11) NOT NULL,
  `name` varchar(255) NOT NULL,
  `content` text NOT NULL,
  `created_at` datetime NOT NULL,
  `updated_at` datetime NOT NULL,
  PRIMARY KEY (`id`)
) ENGINE=InnoDB AUTO_INCREMENT=2 DEFAULT CHARSET=utf8;
/*!40101 SET character_set_client = @saved_cs_client */;

--
-- Dumping data for table `y_kien`
--

LOCK TABLES `y_kien` WRITE;
/*!40000 ALTER TABLE `y_kien` DISABLE KEYS */;
INSERT INTO `y_kien` VALUES (1,1,'Mr. Thi','Đội ngũ chuyên nghiệp, tư vấn nhiệt tình. Cảm ơn AN HƯNG THỊNH đã giúp chúng tôi xây dựng những công trình tuyệt vời.\r\n','2016-10-31 06:35:39','2016-10-31 06:37:37');
/*!40000 ALTER TABLE `y_kien` ENABLE KEYS */;
UNLOCK TABLES;
/*!40103 SET TIME_ZONE=@OLD_TIME_ZONE */;

/*!40101 SET SQL_MODE=@OLD_SQL_MODE */;
/*!40014 SET FOREIGN_KEY_CHECKS=@OLD_FOREIGN_KEY_CHECKS */;
/*!40014 SET UNIQUE_CHECKS=@OLD_UNIQUE_CHECKS */;
/*!40101 SET CHARACTER_SET_CLIENT=@OLD_CHARACTER_SET_CLIENT */;
/*!40101 SET CHARACTER_SET_RESULTS=@OLD_CHARACTER_SET_RESULTS */;
/*!40101 SET COLLATION_CONNECTION=@OLD_COLLATION_CONNECTION */;
/*!40111 SET SQL_NOTES=@OLD_SQL_NOTES */;

-- Dump completed on 2021-11-03  3:31:39
